state,city,WARD_NO,ward_name,area_km2,tot_p,tot_m,tot_f,p_06,no_hh,sexratio,p_lit,p_ill,p_sc,p_st,tot_work_p,mainwork_p,margwork_p,non_work_p,LST_mean,LST_min,LST_max,LST_hotspot,heat_score,UHI_all_mean,UHI_all_stdDev,UHI_built_mean,nighttemp_hotspot,ndvi_mean,nightLST_mean,treeProb_mean,vegDeficit_mean,dwBuiltProb_mean,ghslDensity_mean,dimness_mean,totalPop,popDensity,riskScore,popAtRisk,exposureRate,pop_priority_level,builtAlbedo_mean,builtAlbedo_min,builtAlbedo_max,coolRoofPriorityScore,darkRoofArea_km2,potentialCooling_C,estimatedCost_Lakhs,builtFrac_pct,coolroof_priority_level,treePriorityScore,currentCanopy_pct,canopyDeficit_ha,treesNeeded,saplingsToPlant,totalCost_Lakhs,greeningUrgency,popInLowCanopy,tree_priority_level,activityHeatScore,dayLST,nightLST,avgLST_24h,ntl_mean,activity_priority_level,informalHousingScore,buildingDensity,vegetationDeficit,nightlightDimness,informal_priority_level,riskIndex,hazardIndex,exposureIndex,vulnerabilityIndex,priority_level
Uttar Pradesh,Agra,72,Agra (M Corp.) WARD NO.-0072,6.943897866211984,8684.0,4678.0,4006.0,1287.0,1486,856.0,5352.0,3332,3229,2,3137,1916,1221,5547,44.63691890294225,37.52576402,53.49817148000005,-0.6916107393635187,48.85412616610221,3.9790621813393607,2.8851902125894577,4.457123615142541,-1.311686678140677,0.350326737852809,18.815992218457907,5.177456261716309,63.12852559158561,30.45846359375349,39.959035184603856,81.94867491910763,39830.4304074493,5736.0334461799175,75.12870475437416,39830.4304074493,100,Low,0.1748331066294407,0.05698477499999999,0.4825807,0,0.3094675608814066,14.172229779018641,587.9883656746725,17.80296502558919,Low,117.24616265596057,0.4848783345422902,83.6431700248288,12547.0,16939.0,237.146,CRITICAL,32481.496240383967,Low,0.0,31.92774997710625,18.704010490204272,25.31588023365526,11.594226852072467,Low,40.78710098045016,25.431767640187125,57.467757449014485,81.00959817153561,Low,1.557928400320712,0.21120447446147994,10.59241158834654,1.6902249986235405,Low
Uttar Pradesh,Agra,10,Agra (M Corp.) WARD NO.-0010,2.1259349252020496,12631.0,6849.0,5782.0,1908.0,1964,844.0,7209.0,5422,3851,1,3284,2662,622,9347,47.06817406414851,43.75681448,50.94491054000002,1.7396444218427405,48.87008615288093,6.410317342545573,1.1382774890503633,5.839212197542176,-0.8440618320500058,0.22089223172713418,19.207557872468303,0.2956023480302267,82.7291402213043,32.2513479165563,35.899674667771784,99.34025847189766,15454.718403431012,7269.610287794764,201.51511413426505,15454.718403431012,100,High,0.18460600537685334,0.08154816666666667,0.2933995999999999,37.668229783020365,0.24411258713889022,13.84646648743822,463.81391556389144,49.75388562245654,Low,212.7976975668723,0.034012839632457104,36.50947348406405,5477.0,7394.0,103.516,CRITICAL,15559.700555524641,High,35.39815174222841,34.95145344608114,19.171635336294948,27.061544391188043,12.142360045450328,Low,64.31547941805572,42.46375979904902,82.00192549608921,90.79026463626643,High,2.7440675600176623,1.05,9.645734337046616,2.0401392136102587,Low
Uttar Pradesh,Agra,29,Agra (M Corp.) WARD NO.-0029,0.53989674494494,4004.0,2136.0,1868.0,475.0,662,875.0,2848.0,1156,1113,3,1364,1032,332,2640,46.17782402933423,43.182587119999994,48.58989475999999,0.8492943870284648,47.24610799200026,5.519967307731289,0.7474371452966815,5.344789260662165,-0.24894254292787138,0.21573434534536903,19.456871757540043,0.0,73.15091378459196,60.32015215289575,46.21368664366928,90.47715370128314,4390.002411023309,8131.188884035617,169.83569498145994,4390.002411023309,100,High,0.19483371091238139,0.08257795000000001,0.39961226666666666,42.374442736910034,0.08015994761002157,13.505542969587287,152.303900459041,70.58951049867036,Low,182.26736735124217,0.0,8.706958107530987,1307.0,1765.0,24.71,CRITICAL,4488.4378932578875,Medium,92.13393802369775,34.67163158426856,19.766754625417075,27.219193104842816,17.928535736083983,Low,64.22345896021075,49.02526581108329,80.58081478580344,80.25167729608818,High,2.3828112250434104,0.86707143071275,8.387312819644533,1.86033515925062,Low
Uttar Pradesh,Agra,26,Agra (M Corp.) WARD NO.-0026,0.36381579168274697,12455.0,6668.0,5787.0,1526.0,1905,868.0,6288.0,6167,5446,82,4158,3434,724,8297,45.270460470668425,42.82027700000003,48.46342802000004,-0.058069171637342265,46.96138897120055,4.6126037490655305,1.29392796828891,5.094250673865363,1.2273927787450334,0.26751181017022524,21.14920373942296,0.892240613925079,78.23881458869411,59.720076136021206,51.078314749130094,54.95792695962458,6541.334203114228,17979.797338809232,123.44871729493927,6541.334203114228,100,Low,0.16008885846974533,0.07046417999999999,0.3742798666666666,57.3048729380945,0.07421563043971331,14.663704717675156,141.00969783545528,72.90067328786459,Medium,149.37348215363173,0.551860723220724,5.499494912431467,825.0,1114.0,15.596,CRITICAL,6605.009274321912,Low,137.04383759700875,33.04038888888891,21.24308994708998,27.14173941798945,27.386133225834737,Low,53.25240968127774,51.41917347383511,73.36169694188649,46.046090457971594,Low,2.9922348817376183,1.284568841932738,8.786049292564549,2.373755723942108,High
Uttar Pradesh,Agra,52,Agra (M Corp.) WARD NO.-0052,0.20138148074886458,14996.0,7891.0,7105.0,2081.0,2284,900.0,9117.0,5879,4404,0,4359,3260,1099,10637,45.915028138157005,43.38425030000002,47.99686829000001,0.586498495851238,46.8798443613791,5.257171416554101,0.8099571579036858,5.356450575528976,1.4298717971723285,0.2212061275824391,21.406993690806228,0.12474299875972865,81.56359947347146,53.86973151290806,58.31438417554282,31.949136386863856,3001.1246306774674,14902.684296080131,138.33728963756153,3001.1246306774674,100,Medium,0.15449334522611297,0.07256637499999999,0.255042025,80.66663739971005,0.05303463750680134,14.850221825796234,100.76581126292255,90.49554980319854,High,170.57476065059262,0.12467816352128801,3.617223147290348,543.0,734.0,10.276,CRITICAL,2976.4640833835974,Medium,166.8140606482364,34.00170689655175,21.44556896551728,27.723637931034517,33.56532467598523,Medium,52.479570422046244,68.33912395683542,90.8107371988608,24.069762383598007,Low,3.1965498183194243,1.6210905001233118,8.007075527213548,2.5163048006248214,High
Uttar Pradesh,Agra,30,Agra (M Corp.) WARD NO.-0030,0.2288138559791206,17741.0,9329.0,8412.0,2128.0,2771,902.0,9747.0,7994,7869,9,5525,4310,1215,12216,45.63596671044996,44.17039490000002,47.39016974000003,0.30743706814418914,46.546032971135006,4.978109988847053,0.6887537491362347,5.024463996838861,1.3876361649884146,0.21315620552344391,21.384812396414713,0.0,91.79896361196117,63.03964951868398,59.041558131153636,5.8836326869477995,3032.320062914082,13252.344574756797,34.76342114869115,3032.320062914082,100,Low,0.16108500117210195,0.07274655000000001,0.3790093333333333,71.5862808568691,0.05562032062719695,14.630499960929933,105.6786091916742,87.49274310033312,High,161.42862486638938,0.0,4.0182370071101925,603.0,815.0,11.41,CRITICAL,3124.0625865562297,Low,176.92107461496568,33.52833333333335,21.403333333333364,27.465833333333357,43.762219499521215,High,24.86744602460838,65.03316594311,88.22690531471902,3.2988796318743305,Low,2.8392191039705885,1.498380582280122,8.017413028963773,1.9051989426227514,Medium
Uttar Pradesh,Agra,2,Agra (M Corp.) WARD NO.-0002,0.4515073596386401,17947.0,9825.0,8122.0,2584.0,2829,827.0,9290.0,8657,13966,2,4848,4097,751,13099,46.48377375949839,44.479725710000025,49.18121222000002,1.1552441171926233,47.68427505784953,5.82591703789549,0.7863598017071042,5.871893744404656,0.08374727609953152,0.22817342380221584,20.127514468709034,0.37577303962220077,82.6787784766247,47.14396557883877,59.567372483666716,80.92657085281809,4436.17390420951,9825.252699667979,191.16481234326693,4436.17390420951,100,High,0.16772665894243938,0.0706131,0.26964058999999996,79.23621865492554,0.10461265932934234,14.409111368585354,198.76405272575042,87.58244992727641,High,190.00772406068646,0.31829083799620783,7.759793425038869,1164.0,1572.0,22.008,CRITICAL,4375.516519613826,High,111.65412903408485,34.23176603432703,20.099444444444487,27.16560523938576,22.17938716044068,Low,72.13286690709718,66.84109554080746,86.96566786486835,68.605380525616,High,2.942887261717498,1.1465105862505327,8.397772944708093,2.6471507737965148,Medium
Uttar Pradesh,Agra,39,Agra (M Corp.) WARD NO.-0039,0.48197680921575875,7322.0,3927.0,3395.0,719.0,1274,865.0,5434.0,1888,1626,0,2188,1756,432,5134,46.23605463982444,42.35713529000003,49.656317,0.9075249975186708,48.24031185612289,5.578197918221493,1.4955719838642005,5.072335197664437,-0.048281709407717956,0.21495174227167116,19.79284921726128,0.1536556799079245,79.46282702568044,40.25126119728462,55.07578995063869,86.67596198073775,4204.759078635419,8723.986296098206,171.7559270311529,4204.759078635419,100,High,0.1981819434340365,0.07340873333333334,0.34892239999999997,35.35265966054758,0.06432015629103846,13.39393521886545,122.20829695297309,65.53392048605285,Low,183.18695117608027,0.04212494974344963,7.886126221377953,1183.0,1598.0,22.372,CRITICAL,4066.243399406881,Medium,92.80082064701949,34.20487318840582,19.967415458937232,27.086144323671526,18.540240214682733,Low,64.56189701001392,52.80035689015201,77.24657004541179,74.83483498889564,High,2.487756439321129,0.9897485078159275,8.344210074221541,1.8642900946601648,Low
Uttar Pradesh,Agra,51,Agra (M Corp.) WARD NO.-0051,0.31678863174041566,9691.0,5229.0,4462.0,1350.0,1603,853.0,5700.0,3991,1136,0,1977,1641,336,7714,44.70045710321116,38.29652753000005,48.68559932000005,-0.6280725390946102,46.82534543584291,4.042600381608261,2.355485416652308,5.276253162973936,-0.2584244410721904,0.27303429975884913,19.605075933783898,0.07934962787773289,63.49825245810316,42.874004839177864,44.37191271552374,87.58852294767829,2415.3079363355446,7624.35167911804,91.94675927608829,2415.3079363355446,100,Low,0.20020832717475545,0.07665609999999999,0.31320092499999996,12.215940713689378,0.03040344328875077,13.326389094174816,57.766542248626465,48.08713302439537,Low,112.23233689740906,0.052588204873571215,4.651440284087065,698.0,943.0,13.202,CRITICAL,2396.466662792131,Low,93.44351225868151,34.75698412698415,19.757272727272763,27.257128427128457,18.467056843932248,Low,53.01249676569288,39.83657992348145,65.10372644117187,76.3091030601216,Low,1.590793533921166,0.32577725366203425,7.789996008025267,1.5862931841223524,Low
Uttar Pradesh,Agra,83,Agra (M Corp.) WARD NO.-0083,0.5822381027256405,9594.0,4852.0,4742.0,907.0,1596,977.0,6640.0,2954,1537,1,3320,3044,276,6274,45.36916683100025,44.35154996000006,46.51344761000007,0.04063718869448252,45.93745417661253,4.711310109397227,0.4357158231207276,4.720305268803319,1.3287964178235112,0.2018826254496552,21.283751884877514,0.0,93.51607930805407,66.23757261747167,62.569304410524104,14.399813711826614,9150.247003203749,15715.644442314153,78.69436257311006,9150.247003203749,100,Low,0.17380992312437063,0.08067165000000001,0.5500708999999999,63.70659374488977,0.14246197649793682,14.206335895854313,270.67775534607995,96.94895712224233,Medium,157.13458330407377,0.0,11.199976686927423,1680.0,2268.0,31.752,CRITICAL,9098.244733054966,Low,178.18893430347666,33.33224744376281,21.344493586168465,27.33837051496564,40.25927211641372,High,35.64722264682586,72.5223825937288,96.34597531319696,10.253470613873885,Low,2.739179731047706,1.3717219663295122,9.121645433486819,1.6425640295138189,Low
Uttar Pradesh,Agra,86,Agra (M Corp.) WARD NO.-0086,0.2523012375933588,12271.0,6515.0,5756.0,1284.0,2220,883.0,8857.0,3414,271,7,3806,3449,357,8465,46.30473839316773,45.421390220000035,47.03298665,0.9762087508619643,46.67232254095032,5.6468816715647465,0.2864995784905828,5.646330458041982,0.8078544602067101,0.11442029336677387,20.83693627841869,0.0,99.90075991232825,36.17311627540664,91.34052993633136,46.09953593045582,5953.63993578144,23597.347331990077,185.65422334454846,5953.63993578144,100,High,0.18562384880498703,0.10740286000000002,0.3456281,67.58125820904097,0.057660134077067896,13.812538373167097,109.55425474642901,99.9058210178898,Medium,188.449751475392,0.0,4.990754653225654,749.0,1012.0,14.168,CRITICAL,6209.859469963523,High,140.5077003520169,33.16845801158305,20.82355162855166,26.996004820067355,31.495452867567746,Low,70.46567789121949,95.21525717122275,99.9451914119471,36.85710489437317,High,3.008608504843421,1.4478810432505909,8.691926015776891,2.1639545427277374,High
Uttar Pradesh,Agra,16,Agra (M Corp.) WARD NO.-0016,0.5967884142347643,16066.0,8516.0,7550.0,1932.0,2805,887.0,11076.0,4990,5691,1,4460,3663,797,11606,46.119147081903265,42.35542628000002,49.39654747999998,0.7906174395974972,47.71231718560323,5.461290360300337,1.2166527976949197,5.3228661576424425,0.011995921085975594,0.2105514687363042,20.050959551656952,0.27462661995015053,93.27026581228498,50.235799706241366,56.47077785915107,74.97465594564606,5701.178572381711,9553.098613169432,178.90026713685555,5701.178572381711,100,High,0.18897491513173992,0.072487175,0.3776462333333333,56.07325219772805,0.11368049236935254,13.700836162275333,215.99293550176986,85.78561183806568,Low,182.09868913072393,0.023450656040512833,10.893673604856641,1635.0,2208.0,30.912,CRITICAL,5724.778402246213,Medium,100.65769990085141,33.78571138211385,20.027693089430922,26.906702235772386,21.120451186652854,Low,69.90176853627308,62.84505120657123,90.2177174683023,64.36156402164629,High,2.59197410471852,0.9777937287371437,8.648603586481658,2.0592009796668562,Low
Uttar Pradesh,Agra,56,Agra (M Corp.) WARD NO.-0056,0.2619455303666251,10437.0,5596.0,4841.0,1215.0,1653,865.0,6078.0,4359,2710,0,3765,2889,876,6672,46.66948838139019,45.629889440000056,48.32328920000003,1.3409587390844209,47.51474192641709,6.011631659787233,0.5985091343301927,6.012685399253886,0.5792056094328568,0.11478201308068152,20.93173020514868,0.0,99.97238979378234,33.45448430520501,91.983689245011,41.710152837510506,4191.404727920832,16001.054578234045,188.73449977265147,4191.404727920832,100,High,0.17738315201317684,0.10164219999999999,0.2869045416666667,79.85587334146783,0.06402697891865261,14.087228266227436,121.65125994543996,99.67170201143362,High,195.39076496846974,0.0,5.183407438919656,778.0,1051.0,14.714,CRITICAL,4011.1841972799857,High,132.47575303250886,33.01131712962967,20.594902777777804,26.803109953703736,32.98168283579301,Low,67.80551917575322,95.07570104692391,99.98645632557782,32.866817999172085,High,3.048431618959576,1.4646452424298673,8.341029769031488,2.318874561433982,High
Uttar Pradesh,Agra,71,Agra (M Corp.) WARD NO.-0071,1.1974838208740983,17695.0,9488.0,8207.0,2131.0,2935,865.0,12150.0,5545,651,7,6070,4526,1544,11625,44.628213800335466,40.78313708000002,46.74074594000001,-0.7003158419703013,45.691372425431,3.9703570787325457,0.9580474046257306,4.193387558088259,0.16172930224331541,0.26141255937385194,20.1821073873402,0.4557379709177222,79.15963099664874,61.58995662134834,52.44717582706985,36.34119573168862,14061.835577003629,11742.81884388154,78.15792530013559,14061.835577003629,100,Low,0.17221468582407917,0.07609663750000001,0.3637391333333333,37.39810733638243,0.21825857355405703,14.259510472530692,414.69128975270837,71.31661432833513,Low,113.94985717169097,0.13699633510440715,18.999044475293612,2850.0,3848.0,53.872,CRITICAL,14187.799727675492,Low,111.8699985264312,32.5749754901961,20.177426470588266,26.376200980392184,32.8660339793359,Low,43.62063949092602,48.610307248082385,73.0427465743632,32.10098721600378,Low,2.088543497684079,0.5121332612570568,9.551290821915645,1.8624538601365423,Low
Uttar Pradesh,Agra,82,Agra (M Corp.) WARD NO.-0082,1.1002314301909406,19618.0,10326.0,9292.0,2272.0,3660,900.0,14345.0,5273,1229,24,6320,4897,1423,13298,46.20691363298038,38.79726746,49.96735682000002,0.8783839906746138,47.81685353671842,5.549056911377448,1.545417851366243,5.9444990586778035,0.18268091338422693,0.2140129640003258,20.019064389768772,0.0,86.71599337130338,45.41895230313549,48.37040192036214,64.29331791362752,12353.389879312701,11227.992166310702,162.63513110708016,12353.389879312701,100,Medium,0.19114488984126027,0.0835508,0.3595574999999999,43.87936205827118,0.1568334736960724,13.62850367195799,297.98360002253753,65.47505881223289,Low,190.20769836657118,0.0,18.841091132958237,2827.0,3817.0,53.438,CRITICAL,12313.987063826766,High,104.12956367499572,32.95238142278191,20.198378081729174,26.575379752255543,24.71479253123006,Low,56.4653660998775,49.13061741078066,79.34359555841564,58.766808319833785,Medium,2.589611171468409,1.0960293265728422,9.421766734711465,1.681702451568439,Low
Uttar Pradesh,Agra,38,Agra (M Corp.) WARD NO.-0038,0.6050482169899026,15243.0,8230.0,7013.0,1871.0,2672,852.0,10475.0,4768,8115,60,3931,3519,412,11312,46.764818349772504,45.52393082000003,48.95562289999998,1.436288707466737,47.735091838931766,6.106961628169489,0.5317932473045428,6.067536709295311,0.04813712837955136,0.1779031925776684,20.170950166973757,0.0,93.66040861115063,46.947482319842536,53.28120696162685,82.02488099618506,5071.237983329624,8381.543554592865,201.51481045645832,5071.237983329624,100,High,0.19666347725735608,0.0951049,0.31291389999999997,52.36314860975979,0.1143510390918623,13.444550758088127,217.26697427453837,91.4463321053267,Low,200.00340165975595,0.0,10.960845426780377,1645.0,2221.0,31.094,CRITICAL,5259.12183046528,High,107.66761583434581,34.29521258831089,20.063834296724504,27.1795234425177,20.937026844468228,Low,73.25933767152962,62.048834734213244,95.42220965607287,69.12745492258887,High,2.7815938243189944,1.2305520253473983,8.53153741601978,2.05,Low
Uttar Pradesh,Agra,13,Agra (M Corp.) WARD NO.-0013,0.5332724745165089,13443.0,7105.0,6338.0,1474.0,2465,892.0,8655.0,4788,6945,0,4312,3192,1120,9131,45.461989807798005,43.49704496000004,48.39506762000002,0.13346016549223805,46.93674577328857,4.804133086194988,1.0108674074209958,4.840629695008314,1.0690865618138141,0.24741458892537682,21.08698640455662,0.08723498096026483,68.75151472974335,58.75864232219291,46.21858891185574,50.257099619269205,5567.919630342371,10441.040736990075,123.84314915725298,5567.919630342371,100,Low,0.1605625046063231,0.07864538000000001,0.28433709999999995,59.055848186752954,0.10565010590057201,14.647916513122562,200.73520121108686,71.04134907908936,Medium,158.17694287672163,0.03307588821992023,8.184144747255845,1228.0,1658.0,23.212,CRITICAL,5589.270952172371,Low,158.27649787549552,34.4562453703704,21.084783730158765,27.77051455026458,29.347968632011973,Medium,50.35964967471135,51.42838864219957,70.61118162376363,40.722226554074965,Low,2.9531009606403753,1.274021238787527,8.624956351871663,2.3436961719844023,Medium
Uttar Pradesh,Agra,54,Agra (M Corp.) WARD NO.-0054,1.2269296080971386,15174.0,7822.0,7352.0,1636.0,2564,940.0,9755.0,5419,2440,0,5300,4140,1160,9874,45.570896286262624,38.78188637000005,51.39608917999999,0.24236664395685636,47.90339059303365,4.913039564659651,1.8733196304424542,5.1148273978469625,1.1724953199179902,0.20407265274635344,21.069178448824506,0.02942870323356047,86.3120202513686,33.57093331981221,60.0009390217204,50.908866388808256,11959.479451422594,9747.486222922527,134.02544329607585,11959.479451422594,100,Medium,0.17253359798806728,0.07149760000000001,0.3486975,34.02391579342448,0.155179546009578,14.248880067064423,294.84113741819823,49.61227098910856,Low,167.28043836183906,0.04394806390693346,20.69838908732912,3105.0,4192.0,58.688,CRITICAL,12089.87431262147,Low,143.33400017782446,33.21447149564054,21.18819248826294,27.20133199195174,27.949695054780356,Medium,51.80009533749778,53.32569702775527,90.03332840657507,44.833157372095705,Low,2.9780614232827,1.3658930282661137,9.389363114612712,2.059435191477786,High
Uttar Pradesh,Agra,31,Agra (M Corp.) WARD NO.-0031,0.8651993497971513,11580.0,6245.0,5335.0,1666.0,1867,854.0,6971.0,4609,4126,1,3896,2464,1432,7684,47.47625400050626,45.14794862000002,50.03571722000004,2.1477243582004917,48.80912300315189,6.8183972789033085,1.0522641567047033,5.954159092483371,-0.44086618656948356,0.2471468170028292,19.414680571126546,0.006768166716072541,77.73801050835205,37.99661392160047,38.84720606810533,93.64427977109952,6339.640318777048,7327.375269368148,163.7399342077742,6339.640318777048,100,Medium,0.1783841372319547,0.081646275,0.2555737,NaN,0.06521693693472706,14.053862092268176,123.9121801759814,30.990172390244762,Low,204.63611546298753,0.0,11.813614514068245,1773.0,2394.0,33.516,CRITICAL,5266.597431152943,High,33.192113355450346,34.58574862825792,19.574830981775467,27.08028980501669,12.404727731020222,Low,47.96947147973015,25.91528152193993,80.3212987869087,88.29408834436148,Low,2.5560397009288796,1.05,8.754735038983984,1.8166467216424187,Low
Uttar Pradesh,Agra,85,Agra (M Corp.) WARD NO.-0085,0.28616752693274716,14741.0,8095.0,6646.0,1635.0,2582,821.0,11519.0,3222,1666,1,4619,4081,538,10122,45.88826259385513,42.21528746000001,48.08744582000003,0.5597329515493641,47.037899851356556,5.230405872252221,1.0276420755052567,5.619270898292245,0.3380207803730215,0.2320994136857773,20.417546376282623,1.706259784285369,84.52281683923695,35.810203550810165,56.95437436396522,53.546164869989,4553.745635118672,15912.86643850704,139.869308378052,4553.745635118672,100,Medium,0.17157182939627325,0.07355842500000001,0.25701772,49.81381469688584,0.04379884401186951,14.280939020124224,83.21780362255207,59.58706657621612,Low,172.04061105922,0.3469884573478643,5.182588515223239,778.0,1051.0,14.714,CRITICAL,4587.244771261774,Medium,101.06814396866615,32.63589285714289,20.35371794871797,26.49480540293043,25.857128793132794,Low,52.434544419238335,52.29017294057809,81.65086810066023,47.8480086264409,Low,2.6430533214035616,1.0589125610584291,8.423924965131196,2.069870545084451,Low
Uttar Pradesh,Agra,9,Agra (M Corp.) WARD NO.-0009,0.65373396184159,18288.0,9715.0,8573.0,2391.0,2949,882.0,11210.0,7078,6239,63,5371,4347,1024,12917,46.755084764325964,45.12402248000001,50.45955170000002,1.426555122020197,48.2564675477978,6.097228042722987,0.807375073348994,6.128666799448112,0.5548404660636881,0.19816150481039577,20.42669983682029,0.0,90.23283536356807,51.59425639015712,63.9410147488085,38.35094638563952,8285.940518517587,12674.789749603679,173.39250504899414,8285.940518517587,100,High,0.17313896777135615,0.07654165,0.45648219999999995,81.06535848277181,0.15391959294843388,14.228701074288127,292.4472266020244,92.79714658464923,High,203.15183561995985,0.0,12.119525881343122,1818.0,2455.0,34.37,CRITICAL,8209.311620944154,High,169.69380155773342,34.827725806451646,20.570537634408637,27.69913172043014,34.14911355537639,Medium,56.328062513347966,69.91313812280958,92.76484301305236,30.764167436417758,Medium,3.0673490201313265,1.483400678286526,9.02243612313746,2.1562906337339696,High
Uttar Pradesh,Agra,50,Agra (M Corp.) WARD NO.-0050,0.7318822940560789,15016.0,7896.0,7120.0,1624.0,2749,902.0,8768.0,6248,2746,55,5117,4072,1045,9899,45.0870469477347,43.10055464000004,47.13723626000001,-0.24148269457106863,46.086154048320424,4.42919022613177,0.7707018278749528,4.443079452619726,1.2087414164347894,0.22087212240339035,21.246211465533243,0.042585205193702215,93.5004571165654,66.41344406473067,63.74493277958005,28.290531813905982,11219.568875750374,15329.74491508972,112.12862019495617,11219.568875750374,100,Low,0.16241272248780814,0.07467442,0.41989453333333326,64.4500602779806,0.19578198426584056,14.586242583739729,371.98577010509706,97.2127462888508,Medium,144.33360642390164,0.02988633797524864,14.041080613712438,2107.0,2845.0,39.83,CRITICAL,11224.713217940987,Low,167.1607790352894,33.115242211838044,21.224438584779744,27.169840398308892,37.64596390104181,Medium,49.84854882670761,74.3301643595866,95.85957918446324,22.03024565903412,Low,2.952043870779422,1.2085261012321888,9.325503879729924,2.282653964663689,Medium
Uttar Pradesh,Agra,7,Agra (M Corp.) WARD NO.-0007,3.2525826660864188,19397.0,10318.0,9079.0,2794.0,3007,880.0,10310.0,9087,2221,210,5919,4793,1126,13478,45.66992064515508,42.50240114000002,48.78301289000001,0.34139100284931345,47.05365454348829,5.01206392355217,0.9459265985765196,4.898013460203316,-0.1434556163991849,0.2569879966424564,19.915708435593483,9.194230674741356E-4,67.86417810629119,61.779172253366,33.03289445710103,37.17594456550509,30636.54859595205,9419.14525813256,109.73572560006642,30636.54859595205,100,Low,0.17174040689894518,0.0619782,0.406422375,52.1708471717073,0.5426734784880957,14.275319770035157,1031.0796091273817,65.04147785498144,Low,176.804624016938,0.0,49.6670523416462,7451.0,10059.0,140.826,CRITICAL,30588.460838437553,Medium,129.8555309969934,33.530749438575036,19.872241551945766,26.701495495260403,32.53523730669202,Low,40.37727933226601,40.1111261119912,72.18506545822241,31.256417805414436,Low,2.396767535754891,0.736004120688617,10.329981613994295,1.810914500366292,Low
Uttar Pradesh,Agra,61,Agra (M Corp.) WARD NO.-0061,0.5957161472908271,19760.0,10287.0,9473.0,2136.0,3309,921.0,13773.0,5987,5475,3,6180,4938,1242,13580,45.545794897345615,43.78415863999999,46.93557308000004,0.21726525503984817,46.30930160573696,4.887938175742673,0.685033967049914,4.929303830734233,0.0412377428976807,0.20455119511321027,20.069860501724442,0.0,91.47172169641357,64.23806435503083,56.302103465514385,29.519934775457227,7761.766553183162,13029.303617976107,129.80580703952214,7761.766553183162,100,Medium,0.16601623509404684,0.07973650000000002,0.354648,70.88300305616872,0.1514115697084124,14.466125496865104,287.6819824459836,94.8500396845301,High,163.82046972641652,0.0,11.177480149182681,1677.0,2264.0,31.696,CRITICAL,7892.809362344181,Low,118.26115619231427,32.8717638515331,20.056934911242628,26.464349381387866,35.51277364922699,Low,51.15913594949236,68.33079856520197,94.26962618105364,21.924936712336354,Low,2.499034511356763,0.7843803618789532,8.9570940642265,2.221380290386575,Low
Uttar Pradesh,Agra,44,Agra (M Corp.) WARD NO.-0044,0.17049955576973805,17100.0,9100.0,8000.0,2157.0,2295,879.0,10231.0,6869,4782,2,5495,4822,673,11605,46.18322154820321,45.47949656000003,46.92531902000002,0.8546919058974396,46.56506600220533,5.525364826600276,0.31119602065068236,5.52540968701084,0.307862831655074,0.14120364365667734,20.781552658486735,0.0,99.94215505509487,44.97366859469561,82.86583789926998,32.43857791594142,2392.920989332012,14034.76377711907,158.01907167331524,2392.920989332012,100,Medium,0.16520595285743744,0.09345396666666668,0.23021395,83.33742430564861,0.0455249567069249,14.493134904752083,86.49741774315731,99.04340921453267,High,178.08002502682513,0.0,3.3780911507564095,507.0,685.0,9.59,CRITICAL,2493.289215237486,Medium,120.28259625250526,32.7864166666667,20.323560000000025,26.554988333333363,35.12777617483428,Low,59.69182111648097,86.67458160168475,99.97111756849465,24.463928063181662,Medium,2.7983946712433885,1.1507656345949469,7.7806878819525735,2.4474961494120757,Low
Uttar Pradesh,Agra,27,Agra (M Corp.) WARD NO.-0027,1.8028489815038728,16832.0,9077.0,7755.0,1941.0,2823,854.0,11577.0,5255,1730,0,6154,3730,2424,10678,46.895500188933326,37.70350106000001,50.98250876000003,1.5669705466275587,49.12687958271224,6.237643467330388,2.4691602156878476,6.952877957505125,0.31162820382563955,0.21640063388482705,20.326785258835706,0.23832333922379165,88.05371810671478,53.25613736377495,50.26456720628643,58.98930016768787,12792.937822065165,7095.956429691492,185.9600462880303,12792.937822065165,100,High,0.16045490247736727,0.050573074999999995,0.402114525,78.05593474296442,0.368565029907434,14.651503250754423,700.2735568241246,73.25043332092444,High,209.9325128691092,0.08377399758883401,30.662763076836217,4600.0,6210.0,86.94,CRITICAL,12932.910022765518,High,110.80523669481511,32.90650107600736,20.32732537217059,26.616913224088975,25.97769559974597,Low,59.32644892121562,56.24686888851667,86.75247452055422,51.048258995585165,Medium,3.243435515423076,1.41133035269825,9.456726730069022,2.556502857373642,High
Uttar Pradesh,Agra,87,Agra (M Corp.) WARD NO.-0087,0.5098702523627543,14436.0,7593.0,6843.0,1464.0,2619,901.0,10940.0,3496,992,5,4607,3982,625,9829,45.4975626145555,44.39598422000006,46.846704560000035,0.16903297224973102,46.10063800380145,4.839705892952503,0.4134794327180721,4.844887624259028,1.306392536652069,0.17960203742162087,21.319488127133486,0.0,97.34634492731654,60.85400686641377,67.71145557924719,8.094784982713014,10939.80597040513,21456.05851627887,35.319308266873605,10939.80597040513,100,Low,0.17480781770513873,0.08524658888888889,0.3536906625,66.157697326233,0.12665210142237807,14.173072743162042,240.63899270251832,99.2077317099946,Medium,163.84804118430287,0.0,10.013724177684455,1503.0,2030.0,28.42,CRITICAL,11070.839468742819,Low,179.95209216549028,33.29805818353834,21.32208970499702,27.31007394426768,43.117700826979565,High,29.818231251386905,76.42532746364475,98.78493014612438,5.165168014200788,Low,2.721851465579226,1.4070121006158205,9.3002547451458,1.5409927224893414,Low
Uttar Pradesh,Agra,18,Agra (M Corp.) WARD NO.-0018,0.4366291032892331,13772.0,7290.0,6482.0,1587.0,2186,889.0,7343.0,6429,4843,8,4444,3678,766,9328,46.16466465072011,44.75145829999997,47.205596660000026,0.8361350084143453,46.681749103931374,5.506807929117186,0.43770656429936017,5.478696234183034,1.379378161221941,0.16000636636318896,21.443627930561142,0.0,86.81503232748211,47.115333585674776,75.90002401802047,19.747503410206726,5669.190147938448,12983.99512362108,121.83907374640171,5669.190147938448,100,Low,0.178020615750197,0.08535480000000001,0.3174074,67.26321021353522,0.09216049723654088,14.065979474993432,175.10494474942766,86.5198378530035,Medium,183.53452768772172,0.0,7.739406830572093,1161.0,1568.0,21.952,CRITICAL,5672.801299001658,Medium,179.33188447125812,33.75727966101698,21.395075329566893,27.576177495291937,38.64603868472843,High,42.61914024852528,78.12311038218373,89.35864172242367,12.56240470665064,Low,2.9140877702169345,1.6861954995392838,8.6429779319511,1.6979955777911082,Medium
Uttar Pradesh,Agra,33,Agra (M Corp.) WARD NO.-0033,0.6249657433845724,9236.0,4929.0,4307.0,1095.0,1676,874.0,6571.0,2665,1006,2,3262,2843,419,5974,45.727878770848996,43.61838467000007,47.33548142000001,0.39934912854322846,46.635814553254704,5.070022049246118,0.7990273422110077,5.089897624868397,0.9298426987647123,0.23946695279985786,21.029894396448878,0.005044333553782727,79.16745339289284,61.30263182513968,52.086772906126704,36.316110419903865,7171.325098882937,11474.74909591975,117.13655749972563,7171.325098882937,100,Low,0.16428450274304562,0.07170255,0.34458888,58.63640779787619,0.11483370418707578,14.523849908565145,218.18403795544398,67.6945527699705,Medium,170.16961569914292,0.0,10.22712246408684,1535.0,2073.0,29.022,CRITICAL,7038.821613446405,Medium,162.36283028514225,33.89883720930236,20.94553986710966,27.422188538206008,33.937033907572435,Medium,43.97552862444851,48.114391176990345,78.48910420523059,29.1109081418795,Low,2.891787769185608,1.3001220951397987,8.877985162599392,2.095080408563185,Medium
Uttar Pradesh,Agra,55,Agra (M Corp.) WARD NO.-0055,0.4106027430482314,15768.0,8218.0,7550.0,1463.0,2872,919.0,10441.0,5327,1087,6,5218,4043,1175,10550,45.55786794834398,44.454090560000054,46.57668097999999,0.22933830603821548,46.08729394169635,4.900011226741008,0.46173896947813287,4.901637293767743,1.2393696537219,0.17598630908658774,21.215279416635237,0.0,96.90330583526963,52.45190127631098,69.63575626075759,35.69933465971104,10561.42443793802,25721.758114746503,143.78357881322222,10561.42443793802,100,Medium,0.17437701344785278,0.0754641,0.31661027857142854,66.1997613993155,0.09910151683426546,14.187432885071573,188.29288198510437,96.0637079013989,Medium,166.1912118175903,0.0,7.817955981780701,1173.0,1584.0,22.176,CRITICAL,10782.588408705766,Low,163.3982594998585,33.27651831501835,21.25506682206685,27.2657925685426,34.631531268166775,Medium,57.42497328654057,76.7672202047149,96.3023959054205,27.10289851669401,Medium,3.0287894731923517,1.3949991544423175,9.265058117835157,2.149736197977,High
Uttar Pradesh,Agra,48,Agra (M Corp.) WARD NO.-0048,0.24639520415985858,13545.0,7059.0,6486.0,1618.0,2220,919.0,9186.0,4359,608,7,4226,3799,427,9319,45.7605983577684,43.74656042000004,46.77492614000005,0.43206871546263415,46.32757556235426,5.102741636165495,0.7103687904787537,5.2438534127147785,0.8430903096092166,0.16984365331572912,21.03137247065969,0.0,90.42158850434528,46.87907179511198,79.76057981691054,33.0083470741288,3337.6452414718333,13545.901807838778,139.88306129136268,3337.6452414718333,100,Medium,0.16918605755157223,0.07908186666666667,0.2779698,69.86074020397946,0.057704191943421065,14.360464748280926,109.63796469250003,89.51402448250248,High,166.52410472229923,0.0,4.518942732317348,678.0,916.0,12.824,CRITICAL,3386.973344989852,Low,155.65520422335487,33.758641975308684,20.858787477954166,27.308714726631425,34.82558257388372,Medium,55.14478362624057,78.21375679419614,89.9155613368204,24.979167177677223,Medium,2.8427373553445614,1.2681087612858537,8.113320387360394,2.2328270253485862,Medium
Uttar Pradesh,Agra,32,Agra (M Corp.) WARD NO.-0032,0.8931293187013735,16784.0,8914.0,7870.0,1903.0,2816,883.0,11231.0,5553,3124,13,5735,4393,1342,11049,44.019775804584064,39.89786989999999,47.39016974000003,-1.308753837721703,45.61556921175166,3.3619190829810845,1.3778922734579613,4.001431541270037,1.3016241982225447,0.3067291563900528,21.29692352762027,2.3588408403968573,73.29057266864017,56.52272444486119,52.832822765140435,31.368101478839204,10014.078108843632,11212.349543517716,25.952345097739293,10014.078108843632,100,Low,0.15866496047549547,0.07280640000000001,0.39332389999999995,NaN,0.15047055677503676,14.71116798415015,285.8940578725699,59.6015208073777,Low,44.95948789456962,0.24297335223687203,13.750714117784728,2063.0,2786.0,39.004,CRITICAL,9892.911408218682,Low,158.7976678706924,33.1369889322917,21.317321366567498,27.2271551494296,33.29282546997071,Medium,38.343825126231756,49.951735313713336,65.39962515412421,27.862278347146482,Low,2.660816219999395,0.9808575827765896,9.21184704725509,2.084932338951091,Low
Uttar Pradesh,Agra,28,Agra (M Corp.) WARD NO.-0028,0.4723699619919288,10838.0,5845.0,4993.0,1173.0,1911,854.0,7523.0,3315,4450,1,3688,2900,788,7150,45.13076593649019,43.028776220000054,47.13381823999998,-0.197763705815575,46.13598497644706,4.472909214887267,0.8901764422649749,4.690363739617259,0.737362180394568,0.2690613360793625,20.663339962170983,0.4078044200340655,67.89009338400106,60.23989841885571,35.162487465177165,37.59366200820527,5509.777583013798,11664.115050372193,96.38644902380713,5509.777583013798,100,Low,0.16022950020990337,0.07807657500000001,0.2893112,55.038424840121436,0.09714130969263249,14.659016659669888,184.5684884160017,73.56583481882043,Low,142.5603802450919,0.1602143130246001,7.130086297847523,1070.0,1445.0,20.23,CRITICAL,5543.1651415955785,Low,155.79945259106637,33.84000965537733,20.75305934873952,27.296534502058424,34.04059074055065,Medium,43.16019697049073,45.31264779062546,73.04083163496877,28.418726634950662,Low,2.6402853971502807,0.985892433187618,8.614461014334232,2.167179969027236,Low
Uttar Pradesh,Agra,0,Agra (CB),12.56365584046448,53053.0,29134.0,23919.0,6416.0,9812,821.0,37796.0,15257,12142,22,18104,16094,2010,34949,44.409917935736935,37.14636380000002,50.80135370000005,-0.9186117065688322,47.07394570619574,3.7520612141339806,1.6612532146115213,4.151696297805713,-0.19871771764810534,0.35714061254458723,19.836825823499023,4.652314818781553,44.27343566821234,49.064312982512995,22.346646477563503,55.23327600337926,117431.71422689101,9346.938161794596,20.950275231644657,117431.71422689101,100,Low,0.14380226412318226,0.06383280000000001,0.4214079666666666,NaN,1.2647246460382087,15.206591195893925,2402.9768274725966,32.22368627452724,Low,94.90582041577514,0.697156513052759,137.90119819179242,20686.0,27927.0,390.978,CRITICAL,109122.7497418123,Low,87.18187127318045,32.73644829781425,19.816979450696845,26.27671387425555,23.766629394458764,Low,30.38462603665795,21.990481839128684,39.2732399330997,54.98306117269746,Low,1.795723241126976,0.2504803795527724,11.673620803665129,1.9803361528205552,Low
Uttar Pradesh,Agra,59,Agra (M Corp.) WARD NO.-0059,7.512997572180023,16420.0,8652.0,7768.0,1968.0,3209,898.0,12101.0,4319,2436,1,5730,3925,1805,10690,43.95486815204479,37.96497959000004,48.68730833000001,-1.3736614902609787,46.15514513965604,3.2970114304418736,1.938375601146776,3.954887600276636,-0.5433836867342366,0.320275042600058,19.261628185493926,8.229804354421525,68.1444108632282,48.59316615718997,42.59773133819809,56.956999439918604,55375.172613738585,7370.583057125965,34.04196789377159,55375.172613738585,100,Low,0.17129583797042341,0.06783258333333334,0.45937479999999997,NaN,0.9446142970773389,14.29013873431922,1794.767164446944,48.84483861348429,Low,47.429165158869225,0.27586468323700214,108.717908841152,16308.0,22016.0,308.224,CRITICAL,49936.885463849234,Low,62.328141153234476,32.820338858272734,19.47231348161072,26.146326169941727,21.172012863490885,Low,45.49353870023693,41.357622308444554,66.68242907004611,58.737483985735196,Low,1.2794956016303252,0.1,10.9219046829921,1.9178648951505308,Low
Uttar Pradesh,Agra,12,Agra (M Corp.) WARD NO.-0012,0.4988864506608167,19227.0,10254.0,8973.0,2340.0,3099,875.0,12642.0,6585,8770,3,6113,4643,1470,13114,46.77981687739349,45.722175979999975,47.96781512000001,1.451287235087726,47.376773247785685,6.121960155790609,0.42868788534341273,6.122412506835056,0.8550003625192798,0.1546560949255519,20.76036295820129,0.0,94.36235027456567,44.30752192674029,74.79393580093804,39.30419975421925,6896.374073252958,13823.53452197015,184.58167397016726,6896.374073252958,100,High,0.17921717235480722,0.08336706666666667,0.3370952,77.69557602643455,0.11620480368865208,14.026094254839759,220.78912700843892,96.4244530308226,High,202.51648271143176,0.0,9.538990486188355,1431.0,1932.0,27.048,CRITICAL,6926.395283328785,High,171.2034701415756,35.01123209876546,20.87069753086423,27.940964814814848,32.14110930316098,Medium,62.015888640158494,81.92928452645745,97.4875571382109,30.6835205651896,Medium,3.140571310220614,1.6442578347562016,8.83889604905678,2.131365986202436,High
Uttar Pradesh,Agra,78,Agra (M Corp.) WARD NO.-0078,2.8143180197352597,24459.0,12830.0,11629.0,3674.0,4108,906.0,13860.0,10599,3486,1,8110,5507,2603,16349,45.801981508735345,43.52438912000002,48.569386640000005,0.4734518664295777,46.979433106152925,5.144124787132448,0.7192175762533671,5.173870117443119,0.5263240286625647,0.21457133524307517,20.43740277979883,0.06637399355522729,85.07930044751642,60.10503244866377,54.09587266846854,50.92595298233117,24559.733895395322,8726.70882365513,157.16872888912968,24559.733895395322,100,Medium,0.181715786124999,0.06665045,0.4866164999999999,58.49087217674499,0.555988455626575,13.942807129166699,1056.3780656904923,83.50948764284587,Medium,180.5867746600691,0.015213922209856165,48.610618128416675,7292.0,9845.0,137.83,CRITICAL,24484.407571156826,Medium,165.26207428229776,34.832349633222165,20.542021197007518,27.68718541511484,30.479395715378374,Medium,57.84174277172262,59.51866799077797,87.25224495994284,41.190422075604445,Medium,2.8141837593571957,1.1228583961521035,10.108904263548967,1.9634881422272732,Low
Uttar Pradesh,Agra,79,Agra (M Corp.) WARD NO.-0079,0.14825522503495625,12005.0,6333.0,5672.0,1339.0,2023,896.0,7664.0,4341,296,0,4478,3234,1244,7527,45.954461794330385,45.36841091000002,47.041531700000064,0.6259321520246175,46.46316085229914,5.296605072727469,0.35105867294361914,5.296826591313256,1.1106361649884207,0.11100285844071889,21.126256675279965,0.0,100.0,32.44690590138469,88.60886675388726,53.96783428934622,2881.0668770584402,19433.155737877907,175.54133829530255,2881.0668770584402,100,High,0.18203689710572715,0.10913740000000001,0.47674929999999993,67.01768535538281,0.03478545976834051,13.932103429809095,66.09237355984696,99.45154999856615,Medium,172.1776084415869,0.0,2.888537716767576,434.0,586.0,8.204,CRITICAL,2954.4006948433666,Medium,137.92546378048743,33.511666666666706,21.12633333333337,27.319000000000038,27.681676511819653,Low,74.69887751891488,95.36805465772485,100.0,43.859007703735664,High,2.999810338534402,1.4738827381510098,7.966262981376437,2.2991315490054482,High
Uttar Pradesh,Agra,4,Agra (M Corp.) WARD NO.-0004,0.8405083275279824,24282.0,13070.0,11212.0,3760.0,3865,858.0,12148.0,12134,15811,1,6635,5017,1618,17647,47.39404899427516,44.84374484,50.305740800000024,2.0655193519693924,48.98914393228256,6.73619227267219,1.2140430971745366,5.915948204958693,0.1326560062582639,0.21219323965147857,19.811139291632163,0.6235728225128467,90.30588882462558,28.411503046941746,63.564745267102644,94.49449064842604,6598.396627284033,7850.483345823075,201.82526540246064,6598.396627284033,100,High,0.18170295368865266,0.0756238,0.27380418333333334,50.83072763499909,0.11181857259429276,13.94323487704491,212.45528792915624,56.229992628119284,Low,204.73532584291968,0.3306802961432151,13.677399861744867,2052.0,2771.0,38.794,CRITICAL,6160.504999766628,High,90.39941043712788,34.98573611111114,20.148353174603216,27.567044642857176,16.18602768402255,Low,63.965271203142855,49.036325317828194,82.64560215412251,83.97914789252407,Medium,2.9040367028400174,1.339379392551927,8.794733503726965,2.079122153754863,Medium
Uttar Pradesh,Agra,70,Agra (M Corp.) WARD NO.-0070,1.053198401303877,21260.0,11605.0,9655.0,2318.0,3718,832.0,15012.0,6248,1906,150,6388,5278,1110,14872,45.74492611678521,44.57713928000004,46.90139288,0.4163964744794413,46.30949475103557,5.087069395182297,0.418936746094254,5.089854974975847,0.391134447187201,0.1995732881418174,20.42047768890065,0.0,97.39502300921637,56.133138660162736,59.63382300216529,55.973210664122625,10856.247703612082,10307.884715901455,166.88572627169918,10856.247703612082,100,Medium,0.17658817649110586,0.08049007500000001,0.31437459999999995,68.63956212091902,0.2572323262845298,14.113727450296471,488.7414199406066,98.95291423604725,High,173.50265593789072,0.0,20.703535056923513,3106.0,4194.0,58.716,CRITICAL,10790.820383647846,Medium,141.33862816847193,34.22744966442957,20.406831615532152,27.317140639980863,27.857617234464865,Low,67.4417655825541,69.50354371080786,98.70271055973673,45.61848598318836,High,2.818675130542482,1.0337354416090059,9.292588127078167,2.331250682278497,Medium
Uttar Pradesh,Agra,40,Agra (M Corp.) WARD NO.-0040,0.39653080115361417,8199.0,4408.0,3791.0,889.0,1453,860.0,6356.0,1843,398,4,2332,1964,368,5867,46.70622196554576,43.95505964000006,49.79474680999999,1.377692323239991,48.37941249666373,6.048365243942857,1.289820650016434,5.647533567856046,-0.05795380551305751,0.254117199689954,19.991848354415577,0.2414260073997491,60.72008178198735,45.57790464118266,29.648669121360044,83.47949866257729,3159.3922543993185,7967.583464406299,142.22249102337082,3159.3922543993185,100,Medium,0.17190906311255824,0.0726379,0.358407625,36.950683744478816,0.04825411252259931,14.269697896248058,91.6828137929387,47.50168411291963,Low,194.2639238937773,0.22124599446431012,5.296510485534402,795.0,1074.0,15.036,CRITICAL,3375.908993425556,High,96.3518240175793,34.151261061946926,19.95774336283189,27.05450221238941,19.637660091812773,Low,46.74264322826527,29.64364993877352,65.74584103156592,73.77941620897147,Low,2.622581819647377,1.1555928940840976,8.05845143001635,1.9370047398899255,Low
Uttar Pradesh,Agra,22,Agra (M Corp.) WARD NO.-0022,0.8081438819972324,19928.0,10694.0,9234.0,2696.0,3290,863.0,13499.0,6429,5506,0,7467,6103,1364,12461,46.22178602452642,44.64208166000003,47.865274520000014,0.8932563822206561,46.991631444357935,5.563929302923501,0.5390644429761138,5.543164634463127,1.3762852105097056,0.16981439630302048,21.401046216134766,0.0,93.9300037752091,52.90687386382368,62.46655089268674,36.992921780517314,9997.495674851363,12370.935296996533,165.90430244345285,9997.495674851363,100,Medium,0.1821715407182462,0.077636675,0.42434653333333333,68.93330198936536,0.18398336880751473,13.927615309391792,349.568400734278,96.60724174413173,High,189.45302860606736,0.0,15.537890069640007,2331.0,3147.0,44.058,CRITICAL,10283.974245527681,High,189.29951790619427,35.3430653450808,21.391982378854653,28.367523861967726,33.75274950349112,High,58.49473064767667,73.79851527330109,96.5989198043718,28.588241471997783,Medium,3.1386485735084793,1.7053737858567954,9.210189928145214,1.9685203360190384,High
Uttar Pradesh,Agra,47,Agra (M Corp.) WARD NO.-0047,2.6099673849598815,21793.0,11546.0,10247.0,2380.0,3902,887.0,14853.0,6940,4783,10,6797,5310,1487,14996,44.71995634764311,41.26849592000002,48.95733190999999,-0.608573294662655,46.744881983792936,4.062099626040128,1.314609753820505,4.189218725826394,1.0870874593950628,0.26338357116489153,21.02966339406447,0.5302696834190316,71.23679267874284,64.0998078776319,50.45000432948067,15.960402037495406,30848.286886088044,11819.414703744362,27.044521400762527,30848.286886088044,100,Low,0.15552339316945082,0.05813126666666666,0.4729521,47.34542564225126,0.5628708369298093,14.815886894351637,1069.4545901666377,74.63561893427772,Low,124.6198969866017,0.18759598678740752,41.204220316488666,6181.0,8345.0,116.83,CRITICAL,30456.061430508486,Low,183.99068893235489,33.47711439699339,21.10278462774001,27.289949512366704,41.2664749805622,High,30.47705760528767,56.47632913011969,76.58383429014701,11.600964377567124,Low,2.7713107844972686,1.0136646107723637,10.336868913542478,2.03129220544709,Low
Uttar Pradesh,Agra,88,Agra (M Corp.) WARD NO.-0088,1.3079188143585787,16177.0,8524.0,7653.0,1703.0,2822,898.0,12567.0,3610,1366,0,5557,4132,1425,10620,45.62133823339683,41.91450170000002,47.38333369999998,0.2928085910910596,46.52026281401905,4.963481511793903,0.7702034473876413,5.012908343460957,1.491212443648031,0.19699947272504117,21.49605561912878,0.0019432367281469875,90.21032446004756,62.42168209396586,60.994666229715925,22.27181206767104,18176.272873134243,13897.095655779014,121.71561440776716,18176.272873134243,100,Low,0.17493893060873308,0.07636923333333333,0.38805895,66.70635825260011,0.3134502379836687,14.168702313042228,595.5554521689706,95.81548077819814,Medium,171.88997068255617,0.0019398753531748077,24.793954181919748,3720.0,5022.0,70.308,CRITICAL,18327.94020379759,Medium,198.92848927838,34.88985878054928,21.50690961199298,28.19838419627113,36.605576865945075,High,45.21207903084917,73.37048665201462,94.83612603108823,15.287228535015645,Low,3.0159988807947693,1.5186901556020864,9.807927349500984,1.8418196840764725,High
Uttar Pradesh,Agra,11,Agra (M Corp.) WARD NO.-0011,0.3289197654905504,20249.0,10958.0,9291.0,2211.0,3241,848.0,11999.0,8250,15996,3,6844,5451,1393,13405,45.77119262380083,43.68845408000004,47.256866960000025,0.44266298149506156,46.561991001140264,5.113335902197884,0.6150697816131744,5.116711704084169,0.11922038484656523,0.1652387041925285,20.23715799936391,0.0,97.70573139393488,50.470668359966176,69.37100914744636,29.93721845915965,4263.673587574679,12962.655440349847,142.38438066135237,4263.673587574679,100,Medium,0.1710309368859411,0.08221785000000001,0.3390352,73.43350646495634,0.08445869802452757,14.29896877046863,160.4715262466024,99.54945109106765,High,168.5584072532923,0.0,6.472012051068582,971.0,1311.0,18.354,CRITICAL,4326.1975356756475,Medium,107.18965421757561,32.53637500000003,20.134917553191517,26.335646276595774,34.90885438919067,Low,55.56118641757595,79.27956926771583,98.04948237113264,22.413710127869933,Medium,2.5513202372550983,0.9056900285831337,8.358120924189182,2.193848762486789,Low
Uttar Pradesh,Agra,69,Agra (M Corp.) WARD NO.-0069,1.092481530305638,29757.0,15722.0,14035.0,4569.0,4759,893.0,15726.0,14031,4729,10,8727,5984,2743,21030,46.094445186289946,43.360324160000005,48.11478998000001,0.7659155439841783,46.95639961502985,5.436588464686966,0.7235776361430474,5.460198773647088,-0.13749806883331475,0.17988457224717225,19.690611805599882,0.014569561419697608,90.00016213276793,45.17798451663843,62.0966960537642,80.15594831328114,14515.16805834303,13286.419637943163,189.58536280589533,14515.16805834303,100,High,0.1909729321257325,0.07200025,0.277074075,55.713753743859144,0.2175659685848272,13.634235595808915,413.3753403111717,91.32980552539375,Low,187.61475905261938,0.014705528217712994,19.746220063296008,2962.0,3999.0,55.986,CRITICAL,14505.030034577616,High,103.34975585122382,34.153899420024445,19.878199099511633,27.01604925976804,20.33049158782959,Low,73.3753953178073,68.10106051923523,92.94220390711848,67.82833179664746,High,2.603005267507481,0.8931819532389433,9.583018345721372,2.0605486926512304,Low
Uttar Pradesh,Agra,73,Agra (M Corp.) WARD NO.-0073,2.573206252850386,31318.0,16969.0,14349.0,3987.0,5080,846.0,20982.0,10336,2651,10,8994,7056,1938,22324,46.05622556382002,43.57053239000004,49.84089008000001,0.727695921514254,47.52485778828887,5.398368842217109,0.8167003480535441,5.30886991667028,0.16765636749876753,0.20621377133074342,20.093427431180697,0.2167347618188883,85.50637122568376,55.87577723711093,43.32036037446241,84.5797507731642,21873.179420575907,8500.359967782062,179.12172097669895,21873.179420575907,100,High,0.1886553677635578,0.081576175,0.3849973666666666,51.778862885867774,0.4420681486892097,13.71148774121474,839.9294825094983,77.14634337045493,Low,188.76638827876565,0.03286880189223755,43.959536175540556,6594.0,8902.0,124.628,CRITICAL,21372.37070647595,High,105.46636231543498,34.370623980978294,20.183353535843718,27.276988758411008,18.715013649454768,Low,65.8762978981444,50.890382103412534,85.71940328224505,73.58908150320049,High,2.730251945319402,1.0337057362875848,9.99306219831997,1.9702106341077719,Low
Uttar Pradesh,Agra,66,Agra (M Corp.) WARD NO.-0066,0.14327760270678933,11416.0,5940.0,5476.0,1479.0,1753,922.0,5885.0,5531,651,6,3863,3209,654,7553,46.075330467506404,43.739724379999984,47.25344894,0.7468008252006371,46.75816556825192,5.4174737459035045,0.69928834088846,5.439918975081462,1.2958885459407976,0.14259233606654687,21.307195620437994,0.1647947176156788,96.28731906716963,35.04735114236492,84.94475767966794,35.615490288067846,2172.5411468505854,15163.159529522458,157.48976390644788,2172.5411468505854,100,Medium,0.17847479148829143,0.07894828000000001,0.302384,71.48972470359739,0.034369214430546226,14.050840283723618,65.30150741803783,98.69494940438392,High,173.21415041461785,0.1647947176156788,2.7360868615454876,411.0,555.0,7.77,CRITICAL,2153.5838593127683,Medium,162.18977433110624,33.936828571428606,21.311585714285744,27.624207142857173,33.926226656861104,Medium,61.444086377242165,89.22179313678846,96.30277067431831,27.1752007088021,Medium,2.972471301337084,1.6115100161654605,7.684112981397842,2.120929632569003,Medium
Uttar Pradesh,Agra,81,Agra (M Corp.) WARD NO.-0081,0.21672493468691562,5948.0,3309.0,2639.0,658.0,1010,798.0,3673.0,2275,986,0,2048,1489,559,3900,46.632608065402515,43.77390458000002,48.32328920000003,1.3040784230967475,47.50849788127225,5.9747513437995865,0.7827636497189249,5.953343658770543,0.709645448808044,0.12639632570991108,20.780716277373205,0.03128989754291694,98.88274042347032,43.325938304263836,81.75875755119533,40.553828455925185,4576.156990141028,21115.046114799014,183.05874939070503,4576.156990141028,100,High,0.17805317500958107,0.08197981222222223,0.3784602333333333,77.76001359460719,0.05148560300281409,14.064894166347296,97.82264570534676,97.40391873707703,High,194.81797636456523,0.03128989754291694,4.164839967394989,625.0,844.0,11.816,CRITICAL,4280.749988032322,High,139.38741444590187,33.08422105911334,20.725342617152997,26.904781838133168,33.66421345741518,Low,64.68895932346324,86.89935943363994,98.92097879789914,31.816281400721465,High,3.0521549187131574,1.5172527467346169,8.428833339855897,2.223280818135197,High
Uttar Pradesh,Agra,76,Agra (M Corp.) WARD NO.-0076,0.504265731885852,10497.0,5691.0,4806.0,1121.0,1750,844.0,6574.0,3923,926,0,3602,2822,780,6895,46.272348836573336,45.165038719999984,47.15432636000003,0.9438191942675687,46.69776027259664,5.614492114970398,0.38516835662383936,5.634112417344184,1.304109625710289,0.16334126732857768,21.34704130409764,0.0,93.99145747777602,54.12861647450382,65.6004358394664,30.992756757258856,6797.858400053136,13480.706639791919,156.76980229413388,6797.858400053136,100,Medium,0.177103278714911,0.08225816,0.3364452,73.58391200411997,0.11813023835529433,14.096557376169631,224.44745287505924,95.30843358510683,High,188.41613324250486,0.0,9.570709831947372,1436.0,1939.0,27.146,CRITICAL,7084.673709405637,High,168.90569706161833,33.801925690021264,21.319806794055236,27.56086624203825,34.10651727390129,Medium,54.54371640305932,74.17380983301238,97.11913844958184,23.160704321803426,Medium,3.103814884803533,1.6872157240153993,8.824509994725252,2.0082890534942672,High
Uttar Pradesh,Agra,19,Agra (M Corp.) WARD NO.-0019,0.20681111233741234,19117.0,10020.0,9097.0,2674.0,3083,908.0,9804.0,9313,4649,0,6020,4645,1375,13097,45.04783733962139,41.27020492999998,46.393816910000055,-0.28069230268437906,45.74939443088645,4.389980618018423,0.8637281349196548,4.457998851803362,1.182060407412651,0.18061223896082143,21.3259498062995,0.35803841290258515,93.63716139416957,50.58316106797842,77.03309404722569,61.327789460430004,2453.822337371229,11865.041049476189,133.1037673492581,2453.822337371229,100,Medium,0.17826537555928587,0.08727964,0.2583408,54.10817981166062,0.0483399178287486,14.05782081469047,91.84584387462235,96.00368900833813,Low,133.35286723531954,0.2867761774055071,3.788199266254099,569.0,769.0,10.766,CRITICAL,2429.3503550211594,Low,131.9251963091197,33.98590909090911,21.1977575757576,27.591833333333355,24.123025383968905,Low,71.01446894088005,82.3244458820687,90.33637162908389,51.53965384159635,High,2.7850674811367875,1.1807872383577558,7.805809669940395,2.3437838581590613,Low
Uttar Pradesh,Agra,41,Agra (M Corp.) WARD NO.-0041,0.6745202833677162,11213.0,6008.0,5205.0,1359.0,1837,866.0,7230.0,3983,2789,1,3902,3278,624,7311,45.374865680223635,42.66304808000001,47.19363358999999,0.04633603791786811,46.30114669713994,4.7170089586207355,0.8282256222982399,4.867259648899239,0.46040540802900387,0.2924538258048519,20.286687114771038,0.44189815639838803,68.25798174195428,64.71308605727634,31.315822972325815,26.863203800818095,7658.08376390046,11353.37802692234,75.37946192599047,7658.08376390046,100,Low,0.14933485438669858,0.07379525,0.28533234999999996,55.406582321560435,0.1329113276905406,15.02217152044338,252.53152261202712,65.39193538202541,Low,156.107320513532,0.09022617072017862,9.812280349581153,1472.0,1988.0,27.832,CRITICAL,7594.205350599103,Low,151.4238657405163,33.58313202375517,20.476102576373954,27.02961730006456,36.394757613735244,Medium,35.08409653831364,38.129728089254144,67.64927780151167,21.724979208280207,Low,2.599774217073638,0.9344002621923717,8.943647642512598,2.1026126103463456,Low
Uttar Pradesh,Agra,6,Agra (M Corp.) WARD NO.-0006,0.6259042647683779,14638.0,7845.0,6793.0,1610.0,2218,866.0,8538.0,6100,6104,2,5154,3920,1234,9484,45.797948728991976,44.375476100000014,47.76956996000001,0.4694190866862087,46.81120637534913,5.140092007389056,0.7005878008364951,5.031025163364875,1.4760924698567348,0.20567183081868792,21.50559585814188,0.12261190827844644,82.3290190584916,56.55119564568729,62.085248532972244,25.43896230918634,7104.150035184972,11350.218292271795,123.53622180546473,7104.150035184972,100,Low,0.16308427860360666,0.07024440000000001,0.3370601999999999,70.18465773879244,0.14128455160685363,14.563857379879778,268.4406480530219,82.43344542977256,High,172.56872531234666,0.07490708890749516,11.268985355028033,1691.0,2283.0,31.962,CRITICAL,7095.545110784791,Medium,192.37927615082043,34.683966081404655,21.491789638201688,28.08787785980317,37.63034705056085,High,45.64149831266254,69.25922460890817,85.48645754508446,17.142315710049502,Low,3.1180014788910166,1.5828251449924893,8.868575157153419,2.1594450573232002,High
Uttar Pradesh,Agra,60,Agra (M Corp.) WARD NO.-0060,0.4100219344614343,12904.0,6774.0,6130.0,1651.0,2293,905.0,8170.0,4734,2920,18,4238,3212,1026,8666,45.716339367773415,44.228501240000014,47.34744449000004,0.3878097254676476,46.47187669333205,5.0584826461704555,0.5566459140847116,5.01784130617526,1.3048456887979454,0.20500447297176355,21.4257204464893,0.0,77.36271445563263,55.50961869839923,59.85689453977362,32.025045953774075,4854.162103121888,11838.78640419043,129.0128241023064,4854.162103121888,100,Low,0.16958567739888789,0.0813954,0.39475399999999994,66.27377304731199,0.09016268591308284,14.347144086703738,171.3091032348574,84.30716099019338,Medium,167.48507578701557,0.0,6.929107409356405,1040.0,1404.0,19.656,CRITICAL,4967.733099245559,Low,170.79759209405512,34.2763623188406,21.320542857142893,27.798452587991747,33.26563183296416,Medium,49.502438774060245,63.55542040931765,84.85630583065152,24.664060603811777,Low,2.974461565532296,1.4856768220222314,8.48779776907058,2.0869195775129787,High
Uttar Pradesh,Agra,23,Agra (M Corp.) WARD NO.-0023,0.5338155378206964,17098.0,9198.0,7900.0,2126.0,2863,859.0,8779.0,8319,6958,0,5430,3941,1489,11668,45.571212039212256,39.42276512000001,47.72513570000001,0.2426823969064884,46.70040240868969,4.913355317609351,1.0522983325159332,5.057413420977962,1.0967491435131596,0.19851355418160493,21.139746457933324,0.04733319203021755,96.16813225916961,54.57475646965894,63.77815944590253,43.073568861512754,12568.106310152541,23543.912493558873,145.38519235461703,12568.106310152541,100,Medium,0.1652598156515915,0.08171784,0.31545585,68.47390841857545,0.12658455225122037,14.491339478280281,240.5106492773187,87.99588555613641,High,167.729609083482,6.758385027166296E-4,9.934985964705222,1491.0,2013.0,28.182,CRITICAL,12751.099250524187,Medium,152.82808962498532,33.08126609229553,21.11244631185811,27.09685620207682,32.6650165919385,Medium,57.55766196455837,67.54202325847466,92.78036673220844,35.82535263360742,Medium,3.107664739167688,1.3276814041768463,9.43899720201243,2.3948744493987144,High
Uttar Pradesh,Agra,35,Agra (M Corp.) WARD NO.-0035,0.8641597335250724,12552.0,6700.0,5852.0,1201.0,2339,873.0,9959.0,2593,1977,60,4482,3326,1156,8070,46.60203949630825,39.29288036000003,49.18975726999997,1.2735098540024836,47.873687751035334,5.9441827747052844,1.2825041845056093,6.172516452164192,0.7585364415825668,0.1601895844321233,20.828070341038792,0.14102371149448695,95.65390315675678,42.35661185969062,54.37428998306871,54.31603353532634,15509.846325848148,17947.892876911224,179.0726117697435,15509.846325848148,100,High,0.1756138356171862,0.06304213333333332,0.42011195,70.02656665749815,0.1718158094001841,14.146205479427126,326.45003786034977,79.92212539616199,High,203.4376889328488,0.034892189538637576,15.378879673687997,2307.0,3115.0,43.61,CRITICAL,15440.632478302605,High,130.6598217912973,32.88513336867218,20.774233609927517,26.829683489299846,28.46343757452503,Low,58.798766667191984,58.33069235994027,92.5838058635121,45.40741610775287,Medium,3.165078671748022,1.530889981139306,9.649294821145341,2.1464163677547523,High
Uttar Pradesh,Agra,45,Agra (M Corp.) WARD NO.-0045,1.2481459731196616,19005.0,9941.0,9064.0,2119.0,3407,912.0,12714.0,6291,1364,22,6287,5283,1004,12718,45.98058236219452,43.70383517000005,47.338899440000034,0.6520527198887507,46.57975994382566,5.322725640591561,0.4148086362777057,5.321002035884691,0.9073874545672875,0.15791448028967184,20.784204751775977,0.0,97.51330642203814,48.40827034913364,67.91979829362747,38.52697314805216,23707.208682609995,18993.939165108495,166.3523513835736,23707.208682609995,100,Medium,0.19188239982548194,0.08972525,0.3887961666666666,55.26635713344818,0.2605223856975422,13.603920005817267,494.9925328253302,96.5279923593359,Low,186.9779400577178,0.0,23.918000186276245,3588.0,4844.0,67.816,CRITICAL,23962.089096338605,High,156.3935754330065,33.24666392993982,20.923084622912235,27.084874276426028,33.46333737197482,Medium,59.78819933160814,75.7187578137806,98.17104788316634,30.314361180611463,Medium,2.900132002826329,1.3805278382560222,10.0735766250712,1.7539791820662323,Medium
Uttar Pradesh,Agra,17,Agra (M Corp.) WARD NO.-0017,3.650316617111224,25059.0,13568.0,11491.0,4179.0,4179,847.0,12919.0,12140,8401,32,7766,5898,1868,17293,46.27453843160578,37.495001839999986,51.416597300000035,0.9460087893000093,48.669395666891106,5.6166817100028155,2.1839096068094626,6.040658441528017,-0.5327695363504797,0.25204390844200514,19.471627712488026,1.5777464968281183,81.16783541289116,36.223473969198764,47.23575373955705,78.62869104955398,32102.169094197892,8794.351959420661,169.63260977470412,32102.169094197892,100,Medium,0.17009823445178726,0.04944421666666666,0.2719144,20.65869706039081,0.4152573984753247,14.33005885160709,788.9890571031169,43.78665748107482,Low,198.1193205963984,0.004688644719568282,55.784176806602574,8368.0,11297.0,158.158,CRITICAL,29697.489540287097,High,13.138672918728576,31.953434036330076,19.48292763199447,25.718180834162276,17.06332585986429,Low,56.38241105469086,43.65002882198204,77.8150537471993,70.48533915075072,Medium,2.6549621817237696,0.8058956944958392,10.376710029920995,2.2378784862130887,Low
Uttar Pradesh,Agra,15,Agra (M Corp.) WARD NO.-0015,0.3254159356714596,21477.0,11426.0,10051.0,2616.0,3564,880.0,13030.0,8447,9026,0,7227,5594,1633,14250,45.02981965759703,43.832010920000016,47.22952280000004,-0.29870998470873644,45.97487637727913,4.371962935994069,0.5870092719268293,4.359195922873564,1.4382738461478384,0.1774402565250609,21.46871709750084,0.02109432353082058,96.52556810972528,55.87670063773924,73.180204758549,45.63720694066419,4192.335458433861,12883.00602053628,128.97399914286572,4192.335458433861,100,Low,0.16794711438281648,0.08538626666666667,0.2744225,60.16294976032142,0.08342006913758468,14.401762853906115,158.49813136141088,97.06302840469708,Medium,136.1453549229086,0.020922365085219125,6.30685601469327,947.0,1279.0,17.906,CRITICAL,4285.598792551078,Low,148.94597076664857,34.08645186335407,21.453971014492787,27.77021143892343,26.496926593009356,Medium,65.72677840126786,81.09639709283597,97.69213131489131,36.68182866067955,High,3.0139913221271915,1.3038839094879784,8.341251748366924,2.5174209253334725,High
Uttar Pradesh,Agra,37,Agra (M Corp.) WARD NO.-0037,6.443387660078787,23182.0,12421.0,10761.0,3536.0,3820,866.0,14672.0,8510,4176,765,7342,5427,1915,15840,47.1761812457937,38.05213909999998,51.93613634000002,1.8476516034879324,49.37068475235863,6.51832452419075,1.7465942030168795,6.524978608551612,0.029248951054179902,0.21633528539500307,19.857060563987307,0.3549364794553529,82.44656744303106,45.76397274120908,47.27974352652821,86.85395566717526,25872.97812882966,4015.4309338130524,190.25150149146677,25872.97812882966,100,High,0.1614219009118448,0.06417640000000001,0.48502209999999996,38.3605969091783,0.8249566156321251,14.61926996960517,1567.4175697010378,46.19471087236709,Low,216.27849645935672,0.05433661779835734,101.65946935866924,15249.0,20587.0,288.218,CRITICAL,25444.321800964957,High,51.98166209238182,33.273055156343595,20.04494611939913,26.65900063787136,13.732440897776817,Low,56.51926712221707,41.826855598834975,70.6952189894786,81.82898183226992,Medium,3.1832428220261,1.2870571666017088,10.1609930371822,2.466467029477489,High
Uttar Pradesh,Agra,5,Agra (M Corp.) WARD NO.-0005,0.881429081483514,25302.0,13522.0,11780.0,3048.0,4053,871.0,15705.0,9597,9227,15,9045,6608,2437,16257,46.481518169943264,44.604483440000024,47.718299660000014,1.152988527637497,47.09526795082914,5.823661448340342,0.5370289412166634,5.84582452143402,1.3726694983217438,0.15956526852914008,21.32105484448657,0.0,96.65745173017854,49.33278513802215,73.65218773550073,21.700871294715032,12078.82912738276,13703.688000687642,146.94158789199835,12078.82912738276,100,Medium,0.1790001666936,0.08519310833333332,0.31984676666666667,75.41624236754737,0.20861570898169185,14.03332777688,396.3698470652145,97.80135349731802,High,198.36796172587188,0.0,17.21114270560457,2582.0,3486.0,48.804,CRITICAL,12057.770337572285,High,195.67003517902054,35.11983660130721,21.38836666666669,28.254101633986952,35.83950340420592,High,47.36892549069848,82.46144114598881,98.06120004699913,14.725084804745668,Low,3.11340850861233,1.7978643895903392,9.399292326304554,1.7858962967834244,High
Uttar Pradesh,Agra,3,Agra (M Corp.) WARD NO.-0003,0.5525213590292054,14518.0,7667.0,6851.0,1804.0,2582,894.0,6812.0,7706,7422,165,4764,3547,1217,9754,44.69807400984572,39.42276512000001,46.95949922,-0.6304556324600483,46.004835342230805,4.04021728824277,1.2823591568021178,4.3943009082128395,1.22072519190353,0.23832803893187274,21.205697794892984,0.25246228558804923,91.62315635460452,55.57073648021477,45.37791116340275,19.429137309994815,9805.519743033017,17746.860972508963,57.80403305264238,9805.519743033017,100,Low,0.15440704233403693,0.0673418875,0.6539354,49.968327401742066,0.1316975091552428,14.853098588865436,250.22526739496135,81.85743376697611,Low,118.67427149045677,0.025892276693693397,10.25169978494025,1538.0,2077.0,29.078,CRITICAL,10220.901867660825,Low,171.50504312580898,33.151322981366484,21.23642236024848,27.19387267080748,39.484929221017026,High,35.20887361298477,54.828239076160436,86.94601532625865,18.583011074915465,Low,2.7516744208426642,1.0733366164095626,9.19080272335942,2.1120381104297934,Low
Uttar Pradesh,Agra,1,Agra (M Corp.) WARD NO.-0001,0.3349149614823978,25557.0,13702.0,11855.0,3597.0,4086,865.0,13579.0,11978,18442,4,8821,7422,1399,16736,45.89468436065882,44.23191926000004,46.83303248000004,0.5661547183530544,46.428935060197674,5.236827639055922,0.4950988148801009,5.257397247418956,1.2088342602265085,0.16869435854950576,21.24755118342173,0.0,93.26089125019368,45.17919496617558,84.8420126979197,50.19864663329414,4319.00241172641,12895.818068591734,169.58722516559476,4319.00241172641,100,Medium,0.17646234726636803,0.08829627142857142,0.24913965,69.8951348127511,0.07995234669503341,14.117921757787732,151.9094587205635,96.62006501088773,High,173.01404372086338,0.0,6.4256760541570745,964.0,1302.0,18.228,CRITICAL,4421.546770791446,Medium,156.27251452687355,34.408008333333356,21.22453142857146,27.816269880952408,28.612415303708378,Medium,69.74983770081958,88.24551637979695,95.92836275341304,40.676222733626616,High,3.108837972832717,1.5018615195787781,8.371011239508002,2.389936977839694,High
Uttar Pradesh,Agra,80,Agra (M Corp.) WARD NO.-0080,0.7748206682092783,22570.0,11435.0,11135.0,3444.0,3459,974.0,11617.0,10953,2892,25,7037,4751,2286,15533,44.92410209238613,41.69233040000006,46.71169277000001,-0.4044275499196388,45.858351654015856,4.2662453707832135,1.0423497683967022,4.493910780564543,-0.021754622411589968,0.23645424123141529,20.27581549163457,0.2970502645509219,82.64209054133941,54.256825934572895,60.23431762423758,42.91745948816195,8986.225933897726,11597.813923402666,110.12477580970167,8986.225933897726,100,Low,0.17582131040207874,0.07324485,0.39677589999999996,47.49169142054831,0.15680551024472825,14.139289653264042,297.9304694649836,81.48601035421522,Low,133.9382772051898,0.05282217400614032,13.694284498479428,2055.0,2775.0,38.85,CRITICAL,9325.42401942833,Low,101.92324421256174,32.65432521395658,19.993942545933358,26.32413387994497,31.586696478532964,Low,53.47429452319455,63.13638992690648,80.71325066250009,36.13680479777694,Low,2.128656949041944,0.526743459981073,9.10355950742223,2.011437965351978,Low
Uttar Pradesh,Agra,89,Agra (M Corp.) WARD NO.-0089,0.9756141782106683,22866.0,12270.0,10596.0,3242.0,3490,864.0,12864.0,10002,4099,53,7273,6200,1073,15593,45.39343666838604,41.83930526000006,46.92531902000002,0.06490702608027021,46.18898773436945,4.735579946783127,1.0256690642293194,4.978675628589038,0.3494498904786102,0.20550147872906901,20.401705657683422,0.35291049214826076,93.68873048023497,51.66343071145102,70.02004473685413,43.51111496190998,11261.982036545698,11543.479264724107,139.85432895210755,11261.982036545698,100,Medium,0.17805905448778964,0.06872592857142858,0.3595388749999999,58.174658941469644,0.21277785327657417,14.064698183740346,404.27792122549096,89.42702147119655,Medium,159.42198481534388,0.0057485085576223,18.554605090706406,2784.0,3759.0,52.626,CRITICAL,11257.973338617061,Low,136.77280064159618,33.531123867193976,20.365147058823563,26.948135463008768,30.828553681607012,Low,58.48007638130776,70.97550376046298,89.09808893506019,34.827478580645845,Medium,2.5786664848985077,0.8850025790143783,9.329276701137937,2.0767920696110225,Low
Uttar Pradesh,Agra,36,Agra (M Corp.) WARD NO.-0036,0.49213039570794986,13472.0,7186.0,6286.0,1581.0,2318,875.0,9478.0,3994,1699,7,4752,2978,1774,8720,46.41461603409202,45.458988439999985,47.42776796000004,1.086086391786253,46.985278638227626,5.756759312489085,0.41644140981504896,5.759020880608662,1.1803266411788835,0.16113245683780023,21.102100982893894,0.0,98.10037779868493,45.778937679730866,60.7516683401542,39.824669585559086,6097.210541698978,12389.420760991381,172.26062614632187,6097.210541698978,100,High,0.19325858346104605,0.0907384,0.32909019999999994,58.42386820432544,0.10454242966426633,13.55804721796513,198.63061636210603,99.50603980235853,Medium,191.35279153118364,0.0,9.744857151084034,1462.0,1974.0,27.636,CRITICAL,5943.526144498937,High,172.0986088609387,35.40218820861682,21.196023809523833,28.29910600907033,30.362495377362322,High,60.746283867137294,74.26170115789597,99.10731456415597,31.129048113745878,Medium,2.9610084527666314,1.6762470584177418,8.715750653304914,1.7769537146830652,Medium
Uttar Pradesh,Agra,64,Agra (M Corp.) WARD NO.-0064,1.6783720618915694,15047.0,7965.0,7082.0,1600.0,2929,889.0,11491.0,3556,803,12,5819,4187,1632,9228,44.55556338358578,41.42572484000004,47.72513570000001,-0.7729662587199897,46.116707832406846,3.897706661982787,1.2397403922551606,4.121207355695061,1.2560630341023846,0.2568907544116205,21.2672209630776,0.0016159263991525328,84.1449054656207,67.29182669521992,54.22599771203136,1.5565789173982862,22103.452240109917,13169.57827288828,23.615831513488384,22103.452240109917,100,Low,0.15573477827054805,0.0629,0.3941099666666666,45.900679680682536,0.41307909953142774,14.808840724315063,784.8502891097127,85.30084566198987,Low,109.01056127517663,0.0016515546889564437,29.1167790036012,4368.0,5897.0,82.558,CRITICAL,22317.094580018285,Low,182.36351066332958,33.257515856236814,21.271760202447332,27.264638029342073,45.31617086467606,High,17.80266052210267,61.92586243016373,84.04383288796006,0.6279426245015977,Low,2.7714019108193915,1.0394651320194404,10.003534326044242,2.0470815478061812,Low
Uttar Pradesh,Agra,58,Agra (M Corp.) WARD NO.-0058,1.1750461463251256,19335.0,10469.0,8866.0,2335.0,3323,847.0,13646.0,5689,3167,15,6328,5257,1071,13007,45.772758898074585,37.08825746000002,50.967127670000025,0.44422925576881767,48.35973259283955,5.114902176471602,2.638547918313279,6.005798633680096,0.781291677643922,0.2160290993390157,20.772715102832265,0.9494598114687918,89.76441441230453,47.69604194669753,63.701274509226316,40.2433407577014,7760.206128318638,6604.171378790644,131.00883888117366,7760.206128318638,100,Medium,0.16056377976100197,0.03964585999999999,0.30289125,67.22134032560602,0.24973105278813207,14.647874007966598,474.48900029745096,76.21001168078175,Medium,171.81097683044334,0.18738472977844473,21.19709963723968,3180.0,4293.0,60.102,CRITICAL,7643.343878353342,Medium,137.33880785305826,33.184107999774696,20.796988845988874,26.990548422881787,29.96161964224214,Low,48.679613821533486,63.53314292853337,87.08984391029898,35.9216710501887,Low,2.940952853483561,1.2412557193985494,8.956893030006484,2.2879447718531454,Medium
Uttar Pradesh,Agra,24,Agra (M Corp.) WARD NO.-0024,9.84376774133004,18496.0,10066.0,8430.0,2468.0,3128,837.0,12318.0,6178,3978,16,6816,4894,1922,11680,45.606233754293875,37.41980540000003,51.15340975999999,0.2777041119881076,48.339838900213756,4.948377032690999,2.2173086898126244,5.030687222682444,-0.43050515991761285,0.2758231348603125,19.250582117137267,7.6486741826015825,86.56035861890042,36.266834919373196,46.962014502444795,83.56895058461234,22946.191896950986,2331.0375153010887,157.84979554224452,22946.191896950986,100,Medium,0.1773157847453888,0.0708207,0.36031414999999994,0.0,1.0351165524344337,14.089473841820373,1966.7214496254242,42.85576088684728,Low,171.37177575317185,0.16540253154470375,170.27137031237814,25541.0,34481.0,482.734,CRITICAL,20195.362040783384,Medium,22.155078416118315,32.8680444967161,19.585192008427335,26.22661825257172,11.36250711271415,Low,62.25987493803373,48.12409866610497,83.42823360120445,76.98128695292255,Medium,2.31302621688559,0.5676343994316747,10.04095085057108,2.171191440411117,Low
Uttar Pradesh,Agra,62,Agra (M Corp.) WARD NO.-0062,0.9552543184222243,15723.0,8422.0,7301.0,1856.0,2691,867.0,8589.0,7134,3014,126,5134,4066,1068,10589,45.48956409462066,42.97750592,47.49612836000006,0.16103445231489388,46.43912050500094,4.831707373017723,0.7774941335460398,4.96778590751813,1.305883620677376,0.23161432919085242,21.25590850279376,0.0049203693278338624,89.76420388376856,58.724666776052125,59.40828912519692,25.1686100808058,11775.838143621702,12327.437747752487,105.09765914018907,11775.838143621702,100,Low,0.16797145221198184,0.0699033,0.3209439,62.60642908836335,0.20730312130519365,14.400951592933938,393.875930479868,82.18432441426751,Medium,163.99021839814407,0.0,17.21960675607861,2583.0,3488.0,48.832,CRITICAL,12019.173124634986,Low,171.55422095688627,33.402123270440285,21.321580789022327,27.361852029731306,36.26749929141649,High,41.39930157610004,60.001749982472354,85.7248601459664,18.116485621512638,Low,2.9422139304643022,1.4038499855665332,9.373890012316837,1.9354510274271994,Medium
Uttar Pradesh,Agra,14,Agra (M Corp.) WARD NO.-0014,2.2477517139371495,18072.0,10530.0,7542.0,1946.0,2868,716.0,12114.0,5958,3386,80,5770,5067,703,12302,44.207426113545225,39.200593819999995,47.57132480000001,-1.1211035287605426,45.72057840856617,3.5495693919422884,1.1432928432097176,3.98024691615408,1.0825653678708174,0.310900060611722,21.09134692107361,2.12734895317494,66.16557564304092,55.57719978201727,38.37657000696965,42.51922585268916,20483.595114823882,9112.926035298147,23.368653150549303,20483.595114823882,100,Low,0.162048208212758,0.06835240000000001,0.37784599999999996,6.311083838090151,0.3043795001922154,14.598393059574732,578.3210503652092,49.08058389318698,Low,45.889520366690206,0.49859732948476143,30.793400618172587,4620.0,6237.0,87.318,CRITICAL,20143.94106624827,Low,162.22871647549303,33.98763208528344,21.098262536215763,27.5429473107496,30.113265362081606,Medium,35.791540894053746,34.36433011294493,50.44552190888769,41.73320934385553,Low,2.544931861496664,0.8700175090946445,9.927428424827081,1.9083750034960356,Low
Uttar Pradesh,Agra,75,Agra (M Corp.) WARD NO.-0075,0.4089597242115972,17397.0,9622.0,7775.0,2677.0,2683,808.0,6602.0,10795,3039,197,5008,3277,1731,12389,46.61220095750416,44.61644651,48.241256720000024,1.28367131519839,47.3080020758227,5.954344235901227,0.5099834592845386,5.978941049632013,0.4783345776868227,0.14743385632663725,20.348290351847144,0.0,93.0277812752841,36.861093875319,75.05009353974089,56.33487442517896,3774.3153931561624,9229.063816571135,191.43213666224102,3774.3153931561624,100,High,0.18773256154317275,0.0974349,0.31354555,66.67831320392314,0.08842638156801545,13.742247948560907,168.01012497922935,96.29805274499638,Medium,193.43880613385957,0.0,7.756731108372003,1164.0,1572.0,22.008,CRITICAL,3796.585211271398,High,138.93636621818962,35.17428888888892,20.494031746031773,27.834160317460345,24.70383383646732,Low,70.86265329893092,83.28675908160037,96.73941070787075,45.983373936637264,High,2.8961066165641283,1.3928026343233593,8.236239206049135,2.1175082281324435,Medium
Uttar Pradesh,Agra,65,Agra (M Corp.) WARD NO.-0065,2.5950620782972305,24518.0,12932.0,11586.0,2808.0,4778,896.0,18260.0,6258,4199,278,8341,6404,1937,16177,44.19300517663768,37.69666502000007,47.771278970000026,-1.1355244656680838,45.92654310977528,3.5351484550347294,1.5922836855320326,4.326352338268719,0.22817755050348185,0.303377021694754,20.040295184305574,7.889248216105797,83.7957153941582,45.69779822096167,56.2789641070706,46.49182403026996,29762.594362804943,11468.933483985822,36.36911272676603,29762.594362804943,100,Low,0.1776157053515856,0.07553101666666667,0.38154596666666657,NaN,0.346249036425527,14.079476488280479,657.8731692085014,54.511124019192124,Low,46.42563925453022,0.3710048545379046,44.80615262142541,6721.0,9074.0,127.036,CRITICAL,26779.55559484445,Low,99.32352127086925,32.662717836257336,20.243874718848435,26.453296277552887,23.863345597258782,Low,49.905692499934354,55.28600407734293,74.85445452693833,44.31832516210448,Low,2.026749612858559,0.4377116829478603,10.301041259973973,1.8464222758663675,Low
Uttar Pradesh,Agra,77,Agra (M Corp.) WARD NO.-0077,0.4131412038774617,13122.0,7019.0,6103.0,1510.0,2101,869.0,8012.0,5110,1261,0,4376,3336,1040,8746,46.59252221948122,44.83690880000006,48.50786228000004,1.2639925771754505,47.67645302584438,5.934665497878284,0.9127125202270998,5.937697021184937,1.550072605666385,0.14674139408799597,21.56800298698382,0.0,98.12693147764132,47.551351257633335,87.06037142036932,28.898090373051033,5790.557065148447,14015.92726845501,171.05274613595762,5790.557065148447,100,High,0.17563556259760804,0.08361865,0.37586013333333335,80.61146699620862,0.1024161417257881,14.145481246746396,194.59066927899738,99.66523495641081,High,196.40686787964069,0.0,8.193799670523992,1230.0,1661.0,23.254,CRITICAL,5991.909432504692,High,184.53220752852718,34.29554210384722,21.565769774011336,27.930655938929277,37.00611593774025,High,58.075972980265924,93.32999703117639,99.08396904882669,21.316409295632678,Medium,3.2575212963609337,1.871369504775276,8.664156457582676,2.131944804069598,High
Uttar Pradesh,Agra,68,Agra (M Corp.) WARD NO.-0068,2.0976153223692737,15602.0,8372.0,7230.0,1954.0,2809,864.0,11775.0,3827,794,4,5212,3583,1629,10390,42.34338575823366,35.31088706000003,46.06739600000003,-2.9851438840721087,44.509569133230116,1.6855290366307316,2.199222715732038,3.848791158292511,-0.1589448513107235,0.4081104363276129,19.590229190490295,22.738445146348912,78.56196944788599,31.43635043233267,47.1270111383455,59.78554345508203,14576.441339560119,6949.053615367335,30.837038757767015,14576.441339560119,100,Low,0.1829412774847031,0.07393356000000001,0.5482568,43.13758998917375,0.13764190272546334,13.901957417176563,261.5196151783803,28.027931338188427,Low,44.652648688459244,0.5688735468612911,29.388563427016805,4409.0,5953.0,83.342,CRITICAL,9543.875827116124,Low,57.381884520627224,32.41103578873591,19.85675231703423,26.13389405288507,18.28634619564498,Low,43.18588626281862,38.38600713317651,61.771446134653054,51.28180491415188,Low,1.523164213580711,0.24183427653551598,9.587230499048436,1.524155079161185,Low
Uttar Pradesh,Agra,63,Agra (M Corp.) WARD NO.-0063,0.6035395887064214,11422.0,5908.0,5514.0,1271.0,2051,933.0,8220.0,3202,1371,0,3650,3171,479,7772,45.6745302723177,43.38766831999999,47.48587429999998,0.34600063001193604,46.65668926086773,5.016673550714761,0.8809904082044351,5.221094456447281,1.5156284130504312,0.22158162213257257,21.516118835695423,0.0,72.2754636233731,54.061143763291405,57.13870554122396,18.018348130502634,7960.925084910674,13190.394190998282,91.10414277426659,7960.925084910674,100,Low,0.16357165120955883,0.07130184166666667,0.3190445333333333,67.88177251025346,0.13522077519305642,14.547611626348036,256.91947286680715,82.11132122105208,Medium,168.8329215342905,0.0,10.204639926992092,1531.0,2067.0,28.938,CRITICAL,7825.604059795306,Medium,192.16935087813124,34.069684754521994,21.531325581395382,27.80050516795869,40.745240673748164,High,36.95598942762227,62.97169137810618,80.28956971496604,11.164310658819675,Low,2.995531784675785,1.5380065095953652,8.982426094436704,1.9456735280765716,High
Uttar Pradesh,Agra,57,Agra (M Corp.) WARD NO.-0057,10.75162776781551,20293.0,10879.0,9414.0,2850.0,3385,865.0,12442.0,7851,3648,0,7377,6339,1038,12916,44.72593913078642,37.41980539999997,51.78061643000001,-0.6025905115193453,48.66507946011612,4.068082409183444,3.7921854341108614,5.885464214621413,-1.5601551253783073,0.36337559099742633,18.292564709577526,20.66774431546609,82.74367261584553,19.714492030874506,44.783232893527604,65.72959140153233,23715.097055855913,2205.7215491449524,91.71496400720189,23715.097055855913,100,Low,0.16523903497955764,0.0743713,0.4205664,0,0.4843241188998337,14.492032167348079,920.215825909684,16.7135139751662,Low,119.05894127841361,1.8618094538584942,140.21903082443512,21033.0,28395.0,397.53,CRITICAL,16676.550984377023,Low,0.0,32.17701238679905,18.45554204296664,25.316277214882845,9.773117354427754,Low,46.932508104078245,35.64120308384829,69.76899689210522,72.9202823206133,Low,1.686287205466095,0.24353160965850118,10.073909297239862,1.9545251314713452,Low
Uttar Pradesh,Agra,74,Agra (M Corp.) WARD NO.-0074,0.3594431053628016,25530.0,13488.0,12042.0,3226.0,4041,893.0,15316.0,10214,3527,139,8177,5951,2226,17353,45.71741152597927,42.67330214000003,46.87063069999999,0.3888818836735055,46.38365194977342,5.0595548043763285,0.8945836169861024,5.094291178226954,-0.41138123675175914,0.17678876370057098,19.881582539318405,0.035463405716457376,94.99208492051869,50.77136713062304,80.82806735688968,62.94383907606568,7028.123431725597,19552.81191061324,173.15340376477025,7028.123431725597,100,High,0.18765019463093335,0.08863889999999999,0.38096842,57.76381064685838,0.07902209725217571,13.744993512302221,150.14198477913382,97.83991664038831,Medium,169.7313130711565,0.02195961630630789,6.96802754450448,1046.0,1413.0,19.782,CRITICAL,7053.6174103082385,Medium,52.55416481755461,31.53696782178222,19.604315931593195,25.57064187668771,27.029641324823547,Low,74.58221951791772,85.94544283760489,96.08529233706548,52.41956385177343,High,2.273577778173069,0.6176842897452047,8.857817287375344,2.148009383289446,Low
Uttar Pradesh,Agra,42,Agra (M Corp.) WARD NO.-0042,0.6778628243052346,24663.0,13375.0,11288.0,2905.0,5092,844.0,19997.0,4666,3442,31,8829,7706,1123,15834,46.946735975906776,44.42674640000001,49.97077483999999,1.6182063336010089,48.27946507640897,6.288879254303921,0.8583696644768647,6.085776604340807,0.3321157401518149,0.182697647413349,20.263338696687775,0.0,87.70809323710672,48.30459316762593,71.30820447909137,39.71026910961577,8606.476869052065,12696.487490478838,178.45998621087566,8606.476869052065,100,High,0.19335698592789546,0.093485075,0.3213396,56.569407551901854,0.12238603602265977,13.554767135736817,232.53346844305355,84.6501330461558,Low,208.2915784591467,0.0,12.310564922721866,1847.0,2494.0,34.916,CRITICAL,8405.913040580002,High,150.01067985607835,34.863733426704044,20.347812908496763,27.605773167600404,28.48457664098495,Medium,56.59055547101878,72.75113445612746,90.45187216287873,31.84205228215356,Medium,2.797287769474187,1.440302653969168,9.060386507907536,1.677300798846581,Low
Uttar Pradesh,Agra,67,Agra (M Corp.) WARD NO.-0067,1.886403666498089,11948.0,6257.0,5691.0,1643.0,2220,910.0,7697.0,4251,1829,16,3835,2557,1278,8113,43.732740995256954,37.69153799000003,47.55765272000002,-1.5957886470488134,45.4741354365771,3.0748842736539714,1.5277842966015691,3.8079052607592248,0.07251464740941779,0.34360384775266867,19.938535557597817,6.707411536562929,55.72105376180563,44.57480317229879,42.0222043047402,56.77947053146052,15538.296032617607,8236.99418558851,31.057086142786762,15538.296032617607,100,Low,0.16555604490110015,0.07091070000000002,0.39265802499999997,21.324195812967066,0.19694683416031009,14.481465169963329,374.1989849045892,38.82782793793677,Low,45.41337027758081,0.35736902582265895,27.141107587001216,4072.0,5498.0,76.972,CRITICAL,13853.09135164747,Low,75.78113939197154,32.43309376340174,20.08821181575437,26.260652789578057,20.648930200072897,Low,43.37462472000662,40.07203701548579,57.67086970407966,50.259686653328956,Low,1.9099621757684306,0.3589488792718409,9.65112732254919,2.0112388680889133,Low
Uttar Pradesh,Agra,90,Agra (M Corp.) WARD NO.-0090,0.2251587604385084,13065.0,6971.0,6094.0,1423.0,2333,874.0,8829.0,4236,713,153,4958,3685,1273,8107,46.30198357550746,43.80466676000003,47.89261868,0.9734539332016894,47.031926304652245,5.644126853904539,0.5443967285886784,5.646737741391554,1.2098583872106428,0.12318474416570895,21.241633510109416,0.006637371842780392,99.22349711546471,41.65685208231758,82.53160000458014,48.905793891249836,3238.7780727311674,14384.419537678563,180.08497717316737,3238.7780727311674,100,High,0.18150803134734445,0.09117838,0.38633539999999994,70.79332504762583,0.05192624825871105,13.94973228842185,98.659871691551,97.31486524880584,High,183.6650616777451,0.003731057140284509,4.340671836888743,652.0,881.0,12.334,CRITICAL,3285.718550917682,Medium,140.39654828972553,33.2771666666667,21.22555555555559,27.251361111111144,28.77182819500044,Low,69.77247611264572,89.30674465984207,98.59625415050681,39.413736209940964,High,3.1106000741994446,1.6502878557419653,8.083260110369785,2.2562451004723547,High
Uttar Pradesh,Agra,21,Agra (M Corp.) WARD NO.-0021,0.8334791722981395,26419.0,14048.0,12371.0,3441.0,4504,881.0,17888.0,8531,7354,0,8229,6405,1824,18190,46.54426504014698,45.34619378000002,47.56448876000002,1.2157353978412146,47.04884449724898,5.886408318544078,0.3955066368734413,5.8872590241377125,1.1421813038772977,0.1552838593136523,21.136305512643908,0.0,99.41703347459047,45.76415289896021,66.97498851883202,38.63436049523687,11364.671190299234,13635.21917286019,178.99376021472503,11364.671190299234,100,High,0.18634165374569178,0.0912328,0.31163099999999994,69.14156290500351,0.18898578233898453,13.788611541810273,359.0729864440706,99.74773726566418,High,199.74324086426913,0.0,16.579209607303454,2487.0,3358.0,47.012,CRITICAL,11355.402851059858,High,182.78797651266058,35.466300000000025,21.157878472222247,28.312089236111134,32.6381306193886,High,60.42394451303623,75.88672546258549,99.73160059027344,30.09732316060166,Medium,3.1175447880394254,1.704027381244817,9.338352792202222,1.9041065999510176,High
Uttar Pradesh,Agra,43,Agra (M Corp.) WARD NO.-0043,1.426026694981434,34988.0,18795.0,16193.0,4643.0,5445,862.0,20410.0,14578,5116,1820,10610,7599,3011,24378,45.46399481999781,41.22406166000002,48.77617685000001,0.13546517769204058,47.014463500907524,4.806138098394867,1.3194618658297987,5.24768966664647,0.10226620614068332,0.21968615694096474,20.05414749085997,0.0036528281091996687,78.98420665602069,49.52792804797238,48.566214446403265,43.95239445860153,24477.20587445429,17164.619681101387,129.1555583120698,24477.20587445429,100,Low,0.1821043891430198,0.07340100000000001,0.4033769999999999,50.869277421161726,0.25995159664862416,13.929853695232673,493.90803363238587,77.3102719669803,Low,166.93666800226376,0.003958743473327816,23.239214144590072,3486.0,4707.0,65.898,CRITICAL,24644.925822658166,Low,143.0218242654859,34.161924632569104,20.117963374485637,27.13994400352737,29.72253618484888,Low,49.693510742350924,54.30775349779372,77.686056503837,34.61851411997192,Low,2.4080176671757907,0.7855545520129958,10.105538444498233,1.7589083015575535,Low
Uttar Pradesh,Agra,20,Agra (M Corp.) WARD NO.-0020,1.7585472072559316,32996.0,17411.0,15585.0,3969.0,6096,895.0,24032.0,8964,6118,6,11656,8624,3032,21340,45.53225432462133,42.246049640000024,47.55936172999998,0.20372468231555985,46.420684703289176,4.874397603018323,0.7081629023456549,4.943148553865779,0.8312346198339019,0.18213924961332784,20.79357418852812,0.02059652981874446,94.48365415398841,50.460239382449835,72.74202486682996,29.069981326311133,24233.367827561327,13780.333975438456,134.7904372411796,24233.367827561327,100,Medium,0.1830365615139751,0.07236936,0.3472054,58.85236799564269,0.3931261820454899,13.898781282867496,746.9397458864307,95.56476904734924,Medium,169.86182002803275,0.016853108584413773,33.95973903936258,5094.0,6877.0,96.278,CRITICAL,24683.17741148706,Medium,161.79955762780634,33.31942904290432,20.84693178817885,27.083180415541584,35.93106563121995,Medium,51.2309453900601,78.82861896825942,94.88952939995951,22.024199615537306,Low,2.7618983807732933,1.179188284412925,10.095527062837597,1.7697459750048985,Low
Uttar Pradesh,Agra,8,Agra (M Corp.) WARD NO.-0008,0.9666974350291017,18254.0,9685.0,8569.0,2077.0,2945,885.0,10388.0,7866,9436,29,6613,5321,1292,11641,45.64972196375581,43.93113349999999,48.39506762000002,0.3211923214500416,46.871046139696844,4.99186524215301,0.7311622455733833,4.977627743730205,0.651661457156555,0.2617984477972222,20.560544107531,3.906722166268179E-4,63.385150774528945,61.47563673942258,38.51798021788829,48.74112222215047,10694.71031257779,11063.141294313908,130.2984047623732,10694.71031257779,100,Medium,0.15838682657149175,0.07212973333333333,0.36377639999999994,65.75382826932302,0.20578929916988453,14.720439114283607,390.99966842278064,75.16204211698516,Medium,169.8976080378207,3.995929300286832E-4,14.802629001179799,2221.0,2999.0,41.986,CRITICAL,10855.43177400477,Medium,156.1165915542014,34.17160203553063,20.667358625501503,27.419480330516066,31.340477133956064,Medium,49.227699194002426,47.23663205773581,73.61270385655556,39.8290503565066,Low,2.9219587195928978,1.1309849261184166,9.277598034699395,2.37755109766388,Medium
Uttar Pradesh,Agra,53,Agra (M Corp.) WARD NO.-0053,1.177909337371488,11796.0,6344.0,5452.0,1575.0,2087,859.0,8804.0,2992,1313,0,3913,2742,1171,7883,46.33769275247618,44.79247454,48.560841589999995,1.0091631101704124,47.26550736170063,5.679836030873268,0.5445797723547192,5.669382153596231,0.8104814743696491,0.20132884461742995,20.7904100674716,0.046470846805859535,85.28629354895989,57.424267999803014,52.99665701817031,53.49667865356422,11988.54722230201,10177.818310749219,177.5410600818821,11988.54722230201,100,High,0.18029247897529152,0.06940955,0.3889454,67.9787700597625,0.248151182354434,13.990250700823614,471.48724647342465,87.99399822506301,Medium,193.96719017246633,0.04638846654140591,20.95054228600491,3143.0,4244.0,59.416,CRITICAL,12073.46986484902,High,161.46284582187698,35.566863736812124,20.826178642714595,28.19652118976336,27.641756593479826,Medium,62.336126330702946,63.789842277371136,90.60362933306651,43.6542733384655,Medium,3.0687701288029072,1.4611774361869636,9.39179048436457,2.1059192847973147,High
Uttar Pradesh,Agra,34,Agra (M Corp.) WARD NO.-0034,2.388131767984979,49844.0,26535.0,23309.0,5865.0,9359,878.0,37821.0,12023,7129,152,17225,12956,4269,32619,44.86853222904212,41.01898046000002,47.52689054000007,-0.4599974132636504,46.12406294319622,4.210675507439257,0.91660771385192,4.262576285900547,0.9634685639363714,0.2313631624060406,20.994972426961105,0.06722296511009114,83.11098274154845,62.53182641556291,49.067570707720854,27.259892051561035,23180.450384072697,9706.5206764665,92.63191522845459,23180.450384072697,100,Low,0.17139834191743622,0.06728020000000001,0.38211019999999996,49.87296649115402,0.5224182451265788,14.286721936085458,992.5946657404996,85.05179553002675,Low,134.6380561915872,0.046841409176905664,41.65844720317648,6249.0,8437.0,118.118,CRITICAL,23238.738104008684,Low,187.99356365604947,34.5194026681894,20.97916573228132,27.74928420023536,37.260049257487275,High,43.87407977714033,57.508073475953786,86.84162692993974,18.803641059159222,Low,2.6770795076439255,1.0050699303045751,10.05110768543123,1.899212688372705,Low
Uttar Pradesh,Agra,46,Agra (M Corp.) WARD NO.-0046,2.050708921219796,24135.0,13192.0,10943.0,3324.0,4179,830.0,15917.0,8218,4725,28,7712,6337,1375,16423,45.3008964541178,38.882717960000036,50.480059820000065,-0.027633188187969893,47.622932875698865,4.643039732514853,1.9345473778737594,5.258196814666904,-0.0853700766734899,0.2530601412436633,20.022054796921775,4.487414635467187,89.86754321659443,48.93565186345773,56.10521487665193,61.107406953454216,9388.212880489873,4578.032885771817,139.87174751703094,9388.212880489873,100,Medium,0.1723580331005487,0.07569695714285715,0.3407865333333333,53.97213847163712,0.3992527775321957,14.254732229981709,758.5802773111717,76.26415134987629,Low,152.4232903428447,0.5733274077412643,35.43553400404541,5316.0,7177.0,100.478,CRITICAL,8929.113276709764,Low,83.69926847909491,32.750093407117014,19.930327091671458,26.340210249394236,22.9320921521118,Low,61.43912839065888,59.42035653095565,85.94050669198961,54.991805033743546,Medium,2.3483376415038797,0.6313856128689456,9.147316743394828,2.2422974302049674,Low
Uttar Pradesh,Agra,84,Agra (M Corp.) WARD NO.-0084,0.46870075365522684,23403.0,12563.0,10840.0,2592.0,4087,863.0,18143.0,5260,2889,6,8070,6409,1661,15333,45.87919205333484,44.33445986000004,49.05987250999999,0.550662411029073,47.663277105313895,5.221335331731965,1.170959285449639,5.216383819190561,0.9280875031879247,0.17595051423293925,20.85195644801453,0.0,99.73974846488082,55.53666717817222,65.26621800780649,23.35985158405072,4048.4294926063685,8637.557036198765,126.07656477654487,4048.4294926063685,100,Low,0.16534073760848764,0.0785569,0.28878539999999997,79.00204924637315,0.12569912701760033,14.488642079717078,238.82834133344062,99.57960121914894,High,171.9471486521604,0.0,9.324347658507886,1399.0,1889.0,26.446,CRITICAL,4088.451739352358,Medium,149.8367886507076,33.37832927818332,20.943784671532875,27.1610569748581,33.659441090162915,Medium,46.861946979344665,75.92055685972394,99.72942397192217,17.685532135169385,Low,2.885672580601988,1.3541824615215334,8.306331284154917,2.1362630340439925,Medium
Uttar Pradesh,Agra,49,Agra (M Corp.) WARD NO.-0049,0.6342042253034006,13098.0,6954.0,6144.0,1566.0,2122,884.0,6919.0,6179,1657,1,4458,3944,514,8640,44.86607235098459,43.12448078,46.651877420000005,-0.4624572913211793,45.75793549328355,4.208215629381617,0.6565410598745042,4.255711284726036,1.389089203662444,0.2182105555171918,21.433992525707176,0.07124120596621075,85.37669634584678,63.9563160979756,58.33634953967386,40.14315098298441,8114.20343765558,12794.306808305762,110.17697570581421,8114.20343765558,100,Low,0.16491663595401795,0.07863342,0.3665288,55.07795475113551,0.15560846716479396,14.502778801532733,295.6560876131085,90.8180620513212,Low,129.58944982972505,0.05502318102913886,11.375165691871207,1707.0,2305.0,32.27,CRITICAL,8112.995086460489,Low,163.8207872189532,33.58359116022103,21.404786372007393,27.494188766114213,32.413981468951114,Medium,55.780851830520724,68.76063085132384,88.43005215661483,32.200953491626805,Medium,2.9572694148134686,1.2195335065917805,9.001494548969715,2.355940484489159,Medium
Uttar Pradesh,Agra,25,Agra (M Corp.) WARD NO.-0025,0.23019243051125682,30968.0,16349.0,14619.0,3638.0,4787,894.0,21221.0,9747,6349,895,9463,7330,2133,21505,45.898153021856146,44.901851179999994,47.60037797000001,0.5696233795503787,46.615266630751165,5.240296300253201,0.44796925062324805,5.245961072681382,1.2210174781197276,0.1553598921231179,21.242225239506553,0.0,97.49571968604955,47.39273843693072,75.91113639526476,9.241937282244582,3539.8172752230776,15377.644118710386,36.9877833002407,3539.8172752230776,100,Low,0.18220897183272577,0.07946425000000001,0.2867195,65.69625574185187,0.05333012090210221,13.926367605575807,101.32722971399419,98.34206455430912,Medium,171.40674595562433,0.0,4.518051449712172,678.0,916.0,12.824,CRITICAL,3448.5839181039855,Medium,174.82907087727875,33.58324074074077,21.236714646464677,27.409977693602723,41.022965275964076,High,30.82738544408281,83.90418423051048,98.8442878382904,4.5819567099971215,Low,2.550131027914513,1.509285644832324,8.172112848188826,1.3445646522791252,Low
