state,city,WARD_NO,ward_name,area_km2,LST_mean,LST_min,LST_max,LST_hotspot,heat_score,UHI_all_mean,UHI_all_stdDev,UHI_built_mean,nighttemp_hotspot,ndvi_mean,nightLST_mean,treeProb_mean,vegDeficit_mean,dwBuiltProb_mean,ghslDensity_mean,dimness_mean,totalPop,popDensity,riskScore,popAtRisk,exposureRate,pop_priority_level,builtAlbedo_mean,builtAlbedo_min,builtAlbedo_max,coolRoofPriorityScore,darkRoofArea_km2,potentialCooling_C,estimatedCost_Lakhs,builtFrac_pct,coolroof_priority_level,treePriorityScore,currentCanopy_pct,canopyDeficit_ha,treesNeeded,saplingsToPlant,totalCost_Lakhs,greeningUrgency,popInLowCanopy,tree_priority_level,activityHeatScore,dayLST,nightLST,avgLST_24h,ntl_mean,activity_priority_level,informalHousingScore,buildingDensity,vegetationDeficit,nightlightDimness,informal_priority_level,riskIndex,hazardIndex,exposureIndex,vulnerabilityIndex,priority_level
Uttar Pradesh,Varanasi,87,Agaganj,0.07806091399137992,44.24212344277442,43.20309524000004,44.71386008000002,1.0938676434534287,44.54157690883234,3.6486567546264155,0.34637206424714084,3.6486567546264155,0.8280295949223917,0.14330295955472977,21.979085450695727,0.0,99.38680679298601,39.216193212508145,92.96983225031555,29.117073361470652,1693.1797108968099,21690.493030657875,164.39610316083522,1693.1797108968099,100,High,0.1742034374970455,0.10403901666666668,0.2781046666666666,85.14161329529823,0.019639589291908757,14.193218750098483,37.31521965462664,100.0,High,185.62543674344488,0.0,1.5573820638050215,234.0,316.0,4.424,CRITICAL,1800.8495623420265,Medium,142.64541018388306,33.27587301587304,21.948825396825423,27.61234920634923,38.773723178439674,Medium,57.782039340601884,96.65228991860816,99.76200372051241,19.807552490164323,Medium,2.935216422300451,1.73943071578223,7.434953956301147,1.9553971040088536,Medium
Uttar Pradesh,Varanasi,84,Kamalpura,0.08100065804788793,44.185699252350574,43.33639801999999,44.94970346000002,1.0374434530295815,44.505850541705186,3.5922325642025696,0.25217171137000977,3.5922325642025696,0.8949617738545693,0.14901167436561777,22.05920539237179,0.0,99.76281715363785,48.09809436908839,84.41676082076587,30.990362002143502,1824.7995958515244,22528.207052005615,163.4619919905726,1824.7995958515244,100,High,0.1697895652762945,0.09470440000000001,0.27974129999999997,87.50881879775729,0.021094261794643406,14.340347824123514,40.079097409822474,100.0,High,184.1070634869521,0.0,1.6184732155991544,243.0,329.0,4.606,CRITICAL,1916.0095558316098,Medium,147.42845888412504,33.70488636363639,22.0157575757576,27.860321969696997,37.978889465332024,Medium,57.966486475736026,90.47545515291702,99.89178370265054,21.67776581799376,Medium,3.071746670181806,1.7565388324650044,7.509773304776768,2.197210196977228,High
Uttar Pradesh,Varanasi,90,Madanpura,0.08322251634947087,44.320789351021915,42.92452661000004,45.54272993000001,1.1725335517009228,44.93130521793515,3.727322662873922,0.5072493975816562,3.7324102694425694,-0.03763707174427213,0.1377249880268672,21.38345727580376,0.0,98.66899241919262,41.356641678604,77.5974659076925,22.671713843875807,813.5466471054975,9775.559341287211,143.13567879680025,813.5466471054975,100,Medium,0.1712471216537329,0.10192960000000001,0.26926413333333327,88.4212855420108,0.021355776615403887,14.291762611542236,40.575975569267385,99.65235899255056,High,181.40555610234486,0.0,1.6554878454145534,249.0,337.0,4.718,CRITICAL,807.3621873444204,Medium,102.96510992371314,32.40321428571432,21.08315873015876,26.743186507936542,43.104999426639445,Low,48.22571084578795,83.51803301494425,98.95179630490328,13.501916846194165,Low,2.483579153145517,1.199804558893792,6.702631697249943,1.9049261933015402,Low
Uttar Pradesh,Varanasi,35,Kazipura,0.09248270855847307,43.47325345252608,41.97944408000001,44.73265919000005,0.324997653205088,44.10000508875784,2.8797867643780766,0.5374196003790788,2.9492115978424263,1.025662531430324,0.15015313461601418,22.054253353581398,0.0,98.84796228312933,45.092757173717615,88.13454536738855,22.627429960756675,2210.776025330787,23904.749977483658,123.78969055774989,2210.776025330787,100,Low,0.1680646670815817,0.05950385,0.2587261333333333,69.64105739941535,0.022899045067743776,14.397844430613942,43.50818562871317,93.83518582223225,Low,154.6001182055253,0.0,1.7593627102743843,264.0,357.0,4.998,CRITICAL,2303.206663602941,Low,157.32764765951086,33.54220238095242,22.14645833333336,27.844330357142887,41.24169855380277,High,49.3836499019842,91.35060543822054,99.3923151397839,13.686404682472524,Low,2.8809744325833155,1.4772530533469834,7.701551103144402,2.1017696409039948,Medium
Uttar Pradesh,Varanasi,82,Kachchibandhubag,0.09526881361625943,43.82462175359105,43.15524296000001,44.91894128000001,0.6763659542700609,44.28794385650993,3.2311550654430445,0.29467054928543224,3.2311550654430445,0.7565375314303289,0.18193940224295346,21.87733333333336,0.0,99.84262683416243,54.09074987238504,79.00044210895766,23.788814637914854,2041.0411526549096,21424.021935196717,138.69501868371682,2041.0411526549096,100,Medium,0.16670945892086567,0.09143395000000001,0.3175861125,82.75826179563232,0.025396863429756836,14.443018035971143,48.254040516537984,100.0,Medium,170.7174036536265,0.0,1.9041746900140766,286.0,387.0,5.418,CRITICAL,2132.8283086440138,Low,140.19467216255384,33.01333333333336,21.87733333333336,27.44533333333336,39.43299157278879,Medium,50.442156795257375,85.8060553583337,99.83240469145042,14.707529247659853,Medium,2.9209020757528394,1.4875476643834493,7.62170515163364,2.1980013645987797,Medium
Uttar Pradesh,Varanasi,76,Baluabeer,0.10029401372826682,44.025020690431525,43.15524296000001,44.74462226000003,0.8767648911105326,44.38655215712947,3.4315540022835007,0.3488881359128285,3.4342848148024143,0.677668483811282,0.15857254811386154,21.847451185001802,0.0,97.77543783058853,49.641506077770515,85.98365289535194,26.64660284220672,2019.1462589637904,20132.270949235277,152.15935325646922,2019.1462589637904,100,Medium,0.1752012364141445,0.0931518,0.2673058,80.47466393993056,0.024955390099016216,14.159958786195181,47.41524118813081,99.68942080591692,Medium,179.12442047461298,0.0,1.9879997371675246,299.0,404.0,5.656,CRITICAL,2192.8156056123626,Medium,134.64407817464803,32.845773809523834,21.798464285714314,27.322119047619076,38.85409074263139,Medium,54.100277111289444,91.19708846169323,98.89063337039963,17.32332069750461,Medium,2.769524148914938,1.5328657353269062,7.610925193201723,1.8208488629713764,Low
Uttar Pradesh,Varanasi,71,,0.10633466916760333,44.34988509209358,43.26803762000003,44.83007276000001,1.2016292927725871,44.59897117539248,3.756418403945576,0.26168814322207823,3.756418403945576,0.2923232457160435,0.15964899720389772,21.435666666666698,0.0,97.14167369553503,41.18442790373883,87.12395507225095,27.49653392618226,1868.9119518205232,17575.75366952775,164.32762901585042,1868.9119518205232,100,High,0.1757843128564624,0.08524340000000001,0.26527399999999995,85.57506240858694,0.026416867995669172,14.140522904784586,50.19204919177143,100.0,High,190.1333873567767,0.0,2.102334693096475,316.0,427.0,5.978,CRITICAL,1972.4226204666438,Medium,105.0303978103115,31.968724489795942,21.413119047619073,26.690921768707508,38.433249696095785,Low,55.49487461700135,93.67076096237398,98.4632120169325,18.31683259302174,Medium,2.69929504880355,1.434377999764302,7.533646624152163,1.8200453675908572,Low
Uttar Pradesh,Varanasi,73,Lallapura Kala,0.10763032232176893,43.69047480290547,42.93648968000002,45.18554684000003,0.5422190035844778,44.45879840087166,3.0970081147574753,0.5302545586269057,3.0970081147574753,1.0652041980969904,0.16264323842894007,22.159781366732613,0.0,99.60067109359946,43.05131060395309,88.7488779812646,17.734659695317564,1836.9336190018,17067.064182063386,120.86644311794998,1836.9336190018,100,Low,0.16896554063736405,0.08666370000000001,0.27002315,78.47088522773056,0.028206562192918477,14.367815312087863,53.59246816654511,100.0,Medium,163.4964622296054,0.0,2.149161774385603,323.0,437.0,6.118,CRITICAL,1789.9267629586013,Low,170.00583305784056,33.81114285714289,22.186000000000025,27.99857142857146,46.32636694622854,High,44.21300051164312,93.61147752899016,99.56625286069723,8.826216557925944,Low,2.847449253687345,1.583465171583398,7.516397186377584,1.939767783521133,Medium
Uttar Pradesh,Varanasi,79,Hadaha,0.1192463270704653,44.43605769026197,43.883281220000015,45.45386141,1.287801890940976,44.93797026207859,3.84259100211399,0.3450562143128765,3.84259100211399,0.7057782721710733,0.12644554896691546,21.71887260706536,0.0,100.0,34.251776581592225,87.90243060004244,7.772875277489117,2146.0426093008005,17996.718741975645,95.98344204692755,2146.0426093008005,100,Low,0.17788220470829494,0.10811580000000001,0.34456519999999996,85.08848322373122,0.029124197116957573,14.070593176390167,55.335974522219395,100.0,High,194.41053159000583,0.0,2.3849265414093064,358.0,484.0,6.776,CRITICAL,2322.1629666795916,High,161.63860885528197,32.813500000000026,21.826574074074106,27.320037037037068,52.61999975884711,High,31.407098660248305,91.47519540847325,99.99855835895818,3.8089357330752343,Low,2.5116631342764,1.7526172278520398,7.671846643653348,1.178412075272933,Low
Uttar Pradesh,Varanasi,51,Dadanagar,0.13332450407781876,44.421896575126794,43.81150280000003,45.257325260000016,1.2736407758058021,44.816654742538034,3.8284298869787876,0.28551629808224505,3.8284298869787876,0.6725751658389327,0.15950327492008312,21.87069255234565,0.0,98.39063349895468,48.88451993425794,79.16599031143413,23.097374249606204,2453.2863499360924,18400.866119135608,156.02898044442702,2453.2863499360924,100,Medium,0.1774409471194559,0.09090693333333333,0.29562549999999993,85.2633466403179,0.03268024989109141,14.085301762684802,62.092474793073684,100.0,High,194.6561648659961,0.0,2.6438332078686932,397.0,536.0,7.504,CRITICAL,2532.464362679276,High,139.19883568454995,32.80375806451615,21.793370967741964,27.29856451612906,40.85442833384131,Medium,49.42960523604792,85.89059631829946,99.03438210587181,14.197506745468779,Low,2.7803900834777098,1.7235200687072227,7.805591305478979,1.5976992809146424,Low
Uttar Pradesh,Varanasi,66,Prahaladghat,0.1338299702917202,44.376683847808636,40.21232773999998,45.57861914,1.2284280484876433,45.030298708553744,3.7832171596606052,0.9544490667844002,3.8909259153540896,-0.20256050778536092,0.16301765778994212,21.220243234932372,0.0,97.43001586611169,45.24852604024505,63.21127572253803,24.342545642341218,1419.3476174148855,10605.603620183258,138.2222531976728,1419.3476174148855,100,Medium,0.17856392632000864,0.09485880000000001,0.2625708,79.04285720282284,0.030601750838380425,14.047869122666377,58.143326592922804,94.14888489198718,Medium,188.6331979391432,0.0,2.4736899913619945,372.0,503.0,7.042,CRITICAL,1484.773503322227,Medium,72.04638194601777,30.613806022408976,20.91823529411767,25.766020658263322,36.541928634144895,Low,43.90608301341128,71.73969905662133,98.23876370385146,16.05171959093216,Low,2.2716807635632947,1.1169990771874287,7.25865692163283,1.4458818862922993,Low
Uttar Pradesh,Varanasi,88,Rasulpura,0.13773716282705617,44.246314183511615,43.343234059999986,45.08471524999999,1.0980583841906224,44.742959202053484,3.652847495363612,0.4014351099193558,3.651655206974638,0.944204198096994,0.17425952719380455,22.06395301898139,0.0,98.70922682915055,49.960441228405664,81.78016536919237,35.799144182359704,2907.975613911947,21112.498284600384,174.4734381942717,2907.975613911947,100,High,0.1704156209539367,0.0940973,0.2628946,87.61636907387289,0.03548321910488449,14.319479301535443,67.41811629928053,99.40065184009026,High,189.64439787969062,0.0,2.7404937498937056,412.0,557.0,7.798,CRITICAL,2906.2328218647076,Medium,145.96238032942176,33.70250000000002,22.065000000000026,27.883750000000024,36.12576238366942,Medium,61.34705901728713,87.85744960932092,99.33391488042088,26.383147563654262,Medium,3.1900814122570678,1.8190609815202312,7.975556275480328,2.237675245902176,High
Uttar Pradesh,Varanasi,2,,0.14119077631729815,44.38061111314462,43.48337288000005,44.97704762000001,1.232355313823625,44.6873728199434,3.7871444249966197,0.30487594573927285,3.7871444249966197,0.9343270051145379,0.16400276196778912,22.002392483906053,0.0,100.0,53.01638486828147,84.48949742043442,31.32416555491592,2640.0889407587983,18698.735212176496,172.68532680136067,2640.0889407587983,100,High,0.17359832767650873,0.0934097,0.3216816,87.82131088077948,0.03569350048631694,14.213389077449708,67.81765092400218,100.0,High,193.47477988201734,0.0,2.8238155263459634,424.0,573.0,8.022,CRITICAL,2601.427796517167,High,149.81396228233294,33.66622807017546,22.055122807017568,27.860675438596513,37.973100662231445,Medium,58.20615466538361,89.28965741352548,99.9968728009695,22.00275124624613,Medium,3.091807538252337,1.8781305705031581,7.87894658865503,1.99730052859264,High
Uttar Pradesh,Varanasi,59,Lahangpura,0.14684146269018764,43.99304160007661,42.203324390000034,44.96679356000004,0.8447858007556164,44.490778496023,3.3995749119286183,0.4407252593443622,3.4006554172379153,0.9502666980969927,0.16191351458992392,22.010641475211642,0.0,99.51384823116966,49.12118332945105,85.90606224612456,27.60018716928122,3789.463943840476,25806.498208449804,155.94338051727453,3789.463943840476,100,Medium,0.1717575055888847,0.08787485,0.24849444999999998,82.61033922798332,0.03763488419917198,14.274749813703842,71.50627997842675,99.92632825459768,Medium,181.87341381362293,0.0,2.9252358682437145,439.0,593.0,8.302,CRITICAL,3732.9885442397176,Medium,158.2664538093653,33.56262500000003,22.071062500000025,27.81684375000003,40.68081702438055,High,54.53849225699939,89.20084635756234,99.7019887347863,18.356935383456726,Medium,3.0448246386419244,1.699269849744434,8.240243703207476,2.015971777657575,High
Uttar Pradesh,Varanasi,72,Rewadi Talab,0.14949820226609437,43.50317615859556,42.387897469999984,45.13085852000006,0.35492035927456556,44.29528297957871,2.9097094704475586,0.6134841865811911,3.0232180050602353,0.49593147082427397,0.23683255227828573,21.43425914105599,0.0,70.3582481329637,56.962188190295606,42.56000512318117,25.00818848320482,2236.164337906184,14957.800856534697,101.87966659880723,2236.164337906184,100,Low,0.17128713519657018,0.0872433,0.33273992499999994,56.08696134465342,0.030639269231180266,14.290428826780992,58.21461153924251,79.61418988336266,Low,156.06767883883217,0.0,2.540651497946775,382.0,516.0,7.224,CRITICAL,2270.423500150793,Low,139.7988794899887,33.10062500000002,21.61672727272731,27.358676136363666,41.8448159520219,Medium,38.567684971191774,53.59087076668163,75.32197708211159,16.714160032703695,Low,2.470594694970818,1.1563420571522365,7.712964422317156,1.6908180053092274,Low
Uttar Pradesh,Varanasi,49,Jangambadi,0.14946088993925855,44.803564676071126,43.85593706000003,45.373537940000006,1.6553088767501336,45.127349520821355,4.210097987923104,0.31300878282420064,4.210097987923104,0.569104198097005,0.13026582953083068,21.451099747175512,0.0,100.0,51.50510888922098,73.49948806584622,4.547608186278627,1333.550696862913,8922.405703625027,43.295002833344796,1333.550696862913,100,Low,0.17688408619817586,0.10875595,0.26926413333333327,91.07061051243676,0.03680202808501136,14.103863793394137,69.92385336152158,100.0,High,193.45337768338285,0.0,2.9892177987851714,449.0,607.0,8.498,CRITICAL,1392.8705202439255,High,152.95811086759454,32.78385714285717,21.689900000000037,27.236878571428605,60.5889397129868,High,25.86707741793519,82.70617590857313,100.0,2.787903324397158,Low,2.4277886324552385,1.7133226592214374,7.196349957529454,1.1605963151299803,Low
Uttar Pradesh,Varanasi,69,Saray Govardhan,0.15035265589927127,44.19597794934585,43.589331500000014,44.96679356000004,1.0477221500248604,44.63129926680378,3.6025112611978347,0.34667787539623135,3.6025112611978347,0.9983916980969916,0.15415118960678098,21.993279481132102,0.0,99.36559732173488,49.662727999581264,66.18868300715943,24.917454237772514,3339.836993168849,22213.35548210317,149.0822377752658,3339.836993168849,100,Medium,0.17453131452612552,0.09562525,0.26582399999999995,84.12860792198276,0.03772910018637468,14.182289515795814,71.6852903541119,100.0,High,188.98637553435947,0.0,2.999408477149241,450.0,608.0,8.512,CRITICAL,3380.529208613377,Medium,157.28986150197133,33.54958928571431,22.119187500000024,27.834388392857168,40.158234876744885,High,48.26878674420486,78.75861668861548,99.6486267357345,15.721434024950856,Low,2.9503493638023173,1.8306349818475907,8.113976651333765,1.7289595246769203,Medium
Uttar Pradesh,Varanasi,52,Pipari Kala,0.15003507635225077,44.50579014478917,43.92087944000002,45.014645840000014,1.3575343454681743,44.75762149224805,3.9123234566411473,0.18815491957395777,3.9123234566411473,0.8288781111404737,0.1477113680281469,22.159838684293383,0.0,99.87654324323736,41.84838959646493,85.0361875572336,24.60822745635205,3571.4471072327865,23804.08097935566,165.1161907979389,3571.4471072327865,100,High,0.17643906620746608,0.09058236666666668,0.29457653333333333,87.35286283348695,0.037076948271436455,14.118697793084463,70.44620171572926,100.0,High,200.58758993895586,0.0,2.9992168185460804,450.0,608.0,8.512,CRITICAL,3704.778363096948,High,146.6730696376181,33.02968788819878,21.949673913043505,27.489680900621142,39.87656838230833,Medium,51.39675338003254,87.96285076516801,99.94278107569329,15.367658468377398,Medium,2.959206205865175,1.8689192979665818,8.18100610416126,1.6948388949317266,Medium
Uttar Pradesh,Varanasi,67,Goladinanath,0.16001067565880112,44.48679743915651,43.05953840000001,44.95995751999999,1.338541639835519,44.7710603827629,3.893330751008505,0.31587071551684215,3.893330751008505,0.7450375314303308,0.14725040234825365,21.86969446922394,0.0,99.96472912438227,43.80100462401725,78.9911895747738,17.937353497007617,3861.8925216974,24135.217889663247,143.88404919307905,3861.8925216974,100,Medium,0.17714354780090827,0.0795802,0.29582479999999994,86.469866112079,0.03931668785083974,14.095215073303057,74.70170691659551,100.0,High,200.17302711553012,0.0,3.199567360407764,480.0,648.0,9.072,CRITICAL,3806.6312975116803,High,149.21702281087113,32.829500000000024,21.865833333333363,27.347666666666694,43.25469982193178,Medium,42.760192997240885,84.39583491025218,99.92251924285426,9.447269978399008,Low,2.796023127407179,1.803644089713349,8.259171539783086,1.4673541638543899,Low
Uttar Pradesh,Varanasi,42,Katuapura,0.16501171756170765,44.81963547164989,43.305635840000036,46.063977980000004,1.6713796723288965,45.447660072986096,4.226168783501882,0.492097343650579,4.226353810389189,0.314870864763666,0.14941093993647073,21.631835985092838,0.0,96.57441531395402,40.30371700395289,79.47707746729375,18.2949109208783,3189.8168098000924,19330.85029920515,150.53096280007026,3189.8168098000924,100,Medium,0.17664705185914428,0.09610765,0.28431215,90.67600121117711,0.040300478607984434,14.111764938028521,76.57090935517043,98.99559945644206,High,200.581391280639,0.0,3.2549323856039596,489.0,661.0,9.254,CRITICAL,3196.0057885861866,High,115.29279646904298,32.07500000000003,21.435666666666698,26.755333333333365,41.030185577717226,Low,42.83153577472064,87.86013658304365,98.1761811569096,9.41822474893112,Low,2.650781016184382,1.5435461436292675,8.068032216231726,1.495664942957729,Low
Uttar Pradesh,Varanasi,46,Kamalgadhaha,0.17626709243186767,44.44166838616813,43.56540536,45.633307460000026,1.2934125868471398,45.04481450724036,3.8482016980201137,0.38047790342772486,3.8482016980201137,0.794608960001757,0.19035330999656191,21.991973559299403,0.0,98.47781005308168,46.74058987968057,82.44860881693282,25.327957181653023,3847.794887826957,21829.343383049454,164.71455022968382,3847.794887826957,100,High,0.16486706407719862,0.08611115,0.2526828666666666,95.292358190355,0.04763897941378816,14.50443119742671,90.5140608861975,100.0,High,198.51665825284707,0.0,3.503838211116632,526.0,711.0,9.954,CRITICAL,3744.9237017463224,High,146.5852627696099,33.24600510204085,21.915404761904792,27.580704931972818,39.032939261996866,Medium,51.81037342930647,86.89342952298742,98.94182671518993,16.205379783345194,Medium,3.26686121151071,1.8146815796219953,8.255515362133208,2.3272735437391097,High
Uttar Pradesh,Varanasi,47,Okaleshwar,0.17839818701174195,44.39882936600679,43.50046298000001,45.27783338000006,1.2505735666857944,44.863466496083745,3.8053626778587657,0.35945896048964954,3.8057941581390047,0.2985508647636595,0.18598767348628945,21.406099128540337,0.0,95.31022087658198,55.355167477250696,67.55015313016644,29.11076674674225,3013.2498270969763,16890.585479428933,150.25239202380442,3013.2498270969763,100,Medium,0.17000998583917887,0.09119350000000001,0.39951933333333334,87.65815643158247,0.044586474876358057,14.33300047202737,84.7143022650803,96.13304837992514,High,195.63054807983568,0.0,3.5008782665737295,526.0,711.0,9.954,CRITICAL,3139.475742235371,High,109.7696416067717,32.02814166666669,21.41934666666669,26.72374416666669,38.99411683924057,Low,46.617153853269,77.7602502543519,97.47746635189944,19.659616401836256,Low,2.8308362065919663,1.4624684859623849,8.011106264635547,1.9362668755503967,Low
Uttar Pradesh,Varanasi,81,Jamalugheenpur,0.1784123076343815,44.372630056644276,42.85103918000004,46.55617286000006,1.2243742573232836,45.52649502699329,3.7791633684962616,0.8145399354637008,3.808568176525017,0.7615244595349009,0.21687029963601007,21.873446361292906,0.0,95.70272737137087,56.88426552805984,74.92102631295882,41.093875357238375,3508.7935078938804,19666.768253927945,178.13987184823026,3508.7935078938804,100,High,0.1606414153077094,0.08347335,0.26089719999999994,94.94278183744066,0.04857100326115128,14.645286156409687,92.28490619618744,97.67615174779716,High,196.14847851644979,0.0,3.439822335625134,516.0,697.0,9.758,CRITICAL,3749.462839582855,High,151.49854687042497,33.71135294117651,21.882320261437933,27.79683660130722,39.04997572875375,Medium,60.27756154186357,78.39352324395756,97.70302027993486,31.511220624036756,Medium,3.4013525944033187,1.7588309719430806,8.163312485069516,2.7407185400450857,High
Uttar Pradesh,Varanasi,80,Katehar,0.18225643781984138,43.841763744480126,42.87154730000003,44.48485274000001,0.6935079451591335,44.21126076934403,3.2482970563321167,0.35293756645784424,3.2686420840667956,0.738394674287472,0.1764313758754183,21.872839080459798,0.0,97.1780635346946,52.32787403160689,77.23427319470828,26.409139115536064,3991.154421488444,21898.564842102638,146.09535597717556,3991.154421488444,100,Medium,0.16827411849367607,0.08155575000000001,0.2975504,79.92565723653549,0.04661141435293771,14.390862716877463,88.56168727058164,97.07520003823531,Medium,176.16878342251837,0.0,3.602289962028037,541.0,731.0,10.234,CRITICAL,4089.0915268243525,Low,141.93715539526463,32.99553571428574,21.85919047619051,27.42736309523812,38.85550439237343,Medium,51.930867383541226,81.20478757871646,98.4909269164298,17.290304725687072,Medium,2.977947970052858,1.4838136140551614,8.292086319420783,2.146387601435323,Medium
Uttar Pradesh,Varanasi,63,Gadhwasitola,0.18616220263232944,44.528096319646004,41.58466277000002,45.65723360000004,1.3798405203250113,45.18532310696342,3.934629631498034,0.7176233353819772,3.956146392053128,0.2374508647636696,0.12368697555044154,21.133814101341514,0.0,100.0,24.425937509479663,78.41542012306678,0.0,971.2664790882783,5217.312995627424,40.8797940560888,971.2664790882783,100,Low,0.17893719523297502,0.05198895,0.47684779999999993,50.55567129166161,0.03160869746944237,14.035426825567498,60.05652519194051,70.12524054386583,Low,190.24432610431654,0.0,3.4361333551361657,516.0,697.0,9.758,CRITICAL,1025.4328604455088,Medium,126.32530149625971,32.2268466666667,21.358246666666705,26.792546666666702,54.911598825212664,Low,18.343941010402073,79.3231493949285,99.99966730277553,0.009804367599108185,Low,2.239832834454228,1.4848721390171438,6.879629922327319,1.1,Low
Uttar Pradesh,Varanasi,89,Chhitanpur,0.18858788389577674,44.34686176614605,43.53464317999999,45.16845674000001,1.1986059668250562,44.77842319738309,3.7533950779980634,0.3004630787509919,3.75497322800698,0.48319161948064177,0.1615484215137116,21.512312015870044,0.0,99.71025311820138,43.519526069249814,92.48679241947359,32.67197978861772,3693.8417994480506,19586.84578851023,177.58866495727156,3693.8417994480506,100,High,0.17752624050771898,0.09396204000000001,0.30755409999999994,83.88888731035283,0.04608318958944864,14.0824586497427,87.55806021995241,99.75982950406627,High,195.25695738659854,0.0,3.7673783735140156,566.0,765.0,10.71,CRITICAL,3754.672584743126,High,123.13131902451853,32.42532906558853,21.60398742138368,27.014658243486103,37.92842443457477,Low,60.21786593158326,95.12705359378425,99.78915090889188,23.30024422916126,Medium,2.8624960174683314,1.560361241649444,8.214693017702002,1.8298613352759472,Medium
Uttar Pradesh,Varanasi,78,Bangalitola,0.19908594046311168,44.58825732265085,41.42572484000004,45.66406963999998,1.4400015233298546,45.242913556677706,3.9947906345028517,0.9931813740660513,4.113973335645805,-0.0651602086826646,0.13271065706361881,20.834602187833536,0.0,99.79794823262365,23.163258467597938,75.14720728384333,17.767117495547502,802.7693248823578,4032.275322983451,113.58145475829777,802.7693248823578,100,Low,0.1757036795607779,0.09649134999999999,0.257544,0.0,0.030847284908919366,14.143210681307401,58.60984132694679,62.32870240825055,Low,188.2964667359585,0.0,3.5096393118619718,527.0,712.0,9.968,CRITICAL,792.2643801072064,Medium,99.26386145573896,32.29016949152546,21.05563559322037,26.672902542372917,43.68268052522127,Low,35.62925315522931,63.43608410844403,99.35861157697461,11.223153060420893,Low,2.2880785643757657,1.289762146776762,6.689312318662303,1.3884226742151244,Low
Uttar Pradesh,Varanasi,61,Pandariba,0.21051623057431362,44.27768947976531,42.314410039999984,44.985592670000074,1.1294336804443148,44.683096446809145,3.684222791617305,0.5422773283302015,3.7378221089750014,0.7444156408830686,0.1456966937008014,21.726699349155627,0.0,97.04024283931803,50.92638965887471,68.6601081554454,9.858687903565563,5043.327663646025,23956.954054740672,75.80447333042825,5043.327663646025,100,Low,0.179560929676667,0.0596536,0.37668559999999995,78.32889163708157,0.04871779801429134,14.014635677444431,92.56381622715354,96.0737350840426,Medium,195.03343004376663,0.0,4.046866942351459,608.0,821.0,11.494,CRITICAL,5020.403860413796,High,168.85054196895837,33.27936567164182,21.865211442786098,27.57228855721396,48.92621912275042,High,28.541060941194058,76.19778203473165,96.59924947127588,3.2100779805202233,Low,2.5239738942376704,1.7009837816788584,8.526019656046705,1.1086847493728558,Low
Uttar Pradesh,Varanasi,38,Bazardiha,0.21153071350218153,43.73097174514005,41.676949310000055,45.14282159000004,0.5827159458190607,44.55249675940132,3.1375050569920537,0.7349784953028021,3.2384798306955203,0.9193353456379758,0.23182477212474303,21.851224441833157,0.0,88.19343883585799,64.75236300012108,46.408638401328815,68.9133362692979,4108.417463474648,19422.321210259037,165.9558921757116,4108.417463474648,100,High,0.17745290334114394,0.08080820000000001,0.3063703,65.5049271905303,0.046135172800955804,14.084903221961868,87.65682832181602,88.98682160521965,Low,171.33665452966756,0.0,3.7891998242919374,569.0,769.0,10.766,CRITICAL,4177.098562502394,Low,114.4281892886839,33.85601873536304,22.04013114754101,27.948074941452024,26.895247141520183,Low,67.35672029421882,60.989011456294065,88.04404373779519,58.97534196249934,High,2.950301681149915,1.5504728003662476,8.321036561063867,1.990479449485226,Medium
Uttar Pradesh,Varanasi,48,Madhyameshwar,0.2169811847627166,44.062335572754016,39.99699248000002,45.15478466000002,0.9140797734330235,44.73521154454632,3.4688688846059974,1.0944281377757414,3.6878244032976246,0.5687397172226814,0.20421610683054564,21.85494197009106,0.43097384830466967,89.0105020484595,49.010900036884294,58.40410146539201,10.196788076264326,4481.833819400563,20655.403021703227,80.3773912734597,4481.833819400563,100,Low,0.16828358195370224,0.0718846,0.3863,80.58432265199887,0.053118423080600614,14.390547268209923,100.92500385314116,92.92941217549775,Medium,184.78545925614108,0.43157449548322857,3.8954155366084393,585.0,790.0,11.06,CRITICAL,4565.890714637906,Medium,140.60461988472005,32.52027868852462,21.689535519125716,27.10490710382517,43.71683030787523,Medium,29.54430509486658,68.88327736967794,90.03621346109945,5.112512666343143,Low,2.715787835380304,1.4783687315538943,8.408010674407594,1.6114301805666962,Low
Uttar Pradesh,Varanasi,65,Bagahada,0.21882579384230244,44.34306196418304,42.20845142000002,45.50000468000002,1.194806164862051,44.93075056525493,3.749595276035015,0.49095371079150174,3.8029889026029413,0.057280469283440445,0.16123647049834453,21.189549824703374,0.0,99.33891211380246,49.80957717248462,57.87570326464182,21.021135170522307,1498.120026113473,6846.176585531312,120.86239706756126,1498.120026113473,100,Low,0.17224995126507497,0.07693905000000001,0.32000159999999994,67.75362217437903,0.044367286961691,14.258334957830833,84.2978452272129,79.35481615523298,Low,187.74531661236753,0.0,4.125281138772346,619.0,836.0,11.704,CRITICAL,1527.7509427238915,Medium,102.92401734676847,32.550254237288165,21.178076271186473,26.86416525423732,36.72663334437779,Low,38.05621485241759,61.52267805390299,99.5044208042324,14.087010841409354,Low,2.4752415491107653,1.2740806769812087,7.312633565686611,1.6277286909085866,Low
Uttar Pradesh,Varanasi,62,Rajmandir,0.22408030810551652,44.04428147331885,39.42276512000001,45.41455417999998,0.8960256739978547,44.83266899273974,3.450814785170781,1.2689848075582442,3.6254253772217173,0.18696610285890514,0.13775156025204033,21.193435099968298,0.0,98.04088716341563,20.20285504101661,79.19554480904978,26.163780381568756,624.6343457839067,2787.546799916816,128.9768465663681,624.6343457839067,100,Medium,0.18120554253413274,0.10344450000000001,0.37466639999999996,50.47249662178629,0.03902685335709082,13.959815248862242,74.15102137847256,73.30501205016138,Low,169.7287570700699,0.0,4.055162742507943,609.0,823.0,11.522,CRITICAL,640.4119539896645,Low,92.15954861739343,31.968809523809554,21.307761904761936,26.638285714285743,36.78621546918362,Low,45.93917813891346,72.77503527488302,98.85475008205019,16.856099228439703,Low,2.2673669770595475,1.2145933728828215,6.4387660882738444,1.4904997106066435,Low
Uttar Pradesh,Varanasi,41,Kameshwar Mandir,0.24651783453257695,44.38604826915648,40.09611505999999,45.83838866000002,1.2377924698354903,45.26161553547422,3.792581581008484,1.153627074878183,4.009659895424689,0.01660370790091689,0.17396285287706387,21.431120009585463,0.0,97.20845126342606,42.39590128928435,58.768862755251895,28.681176409257144,2119.945907009349,8599.564047887177,150.22774278129668,2119.945907009349,100,Medium,0.17452392214918666,0.0444738,0.38478786666666664,79.76014460192924,0.05641689147486831,14.182535928360442,107.19209380224979,91.1947586724213,Medium,191.9257666323423,0.0,4.509649422415449,677.0,914.0,12.796,CRITICAL,2109.586803226845,High,88.8155068496255,31.232524509803948,21.13739950980395,26.184962009803947,37.02055329326335,Low,47.705448794260725,64.45753974720827,96.08015535195088,19.820616778545105,Low,2.5548048020282668,1.2679353143782781,7.659617450707802,1.7169948539268178,Low
Uttar Pradesh,Varanasi,12,Tulasipur,0.24727002515003085,43.68732596209608,42.90230948000004,45.69483182000005,0.53907016277509,44.68067963170432,3.0938592739480804,0.6327747650527984,3.103690309100883,0.726811340954133,0.2277036688294616,21.875503459794814,0.0,94.69537779965438,68.92200329604049,48.929487855258806,42.583241510823974,5009.171465286555,20257.90009220586,152.15397958916634,5009.171465286555,100,Medium,0.17170256646380772,0.08433080000000001,0.3510028,74.93152686040945,0.06188963427578839,14.276581117873075,117.59030512399795,97.54353238376629,Medium,170.6645193910289,0.0,4.827759076234349,725.0,979.0,13.706,CRITICAL,5124.863063916973,Low,144.17856524143616,34.72321428571431,21.847607142857164,28.28541071428574,32.74707275815956,Medium,58.24361748409019,62.431950749028665,96.98825598429268,33.14768456972942,Medium,2.926336596957149,1.400564696986496,8.519225418101357,2.100243024490653,Medium
Uttar Pradesh,Varanasi,70,Pandey Haweli,0.25359503615642237,44.37614587453454,41.91108368000005,45.90674906000004,1.2278900752135442,45.23906888436038,3.7826791863865026,0.6341758610247481,3.8283703854180575,-0.09945294476014589,0.18899841076411508,21.029297021395642,0.0,92.96351413044644,46.86418085750156,61.37084643688263,21.958365517687028,2003.405926887662,7900.020273472238,136.63734633494997,2003.405926887662,100,Medium,0.16917789310307887,0.0796724,0.26205729999999994,72.58872675295747,0.0539861720304677,14.360736896564038,102.57372685788863,81.36369271810835,Medium,190.5919727100478,0.0,4.802460002433545,721.0,974.0,13.636,CRITICAL,1872.8380687339634,Medium,96.0046198563345,32.368214285714316,21.021342857142884,26.6947785714286,38.69603062659195,Low,42.507964416305505,67.53880689743336,96.39959142323497,13.868676944832979,Low,2.5735478979872113,1.1855910568675296,7.603103000019764,1.8909105205601444,Low
Uttar Pradesh,Varanasi,68,Beniya,0.25495498655295856,44.02567328087213,42.375934400000006,45.158202680000045,0.8774174815511344,44.614512182768905,3.4322065927241425,0.5910654877240359,3.5033965633283173,0.6711894922146484,0.17697210086018159,21.733299402445837,0.0,94.71625912834894,43.32873694009175,58.812743365057145,12.202807309261646,4852.540215615662,19032.929228892357,79.42291083507513,4852.540215615662,100,Low,0.17284753889327126,0.07549185000000001,0.265384,76.03365113699583,0.05955226353364905,14.238415370224292,113.14930071393319,91.85017677481478,Medium,185.21390044583345,0.0,4.696964535666619,705.0,952.0,13.328,CRITICAL,4920.519606137743,Medium,164.66956940916245,32.86371743697482,21.79198529411768,27.32785136554625,51.60808386453769,High,29.465940576389954,66.01453234724572,97.26464266425643,6.85501442719266,Low,2.633186260824856,1.5288581669134744,8.487463659017955,1.4070178786137222,Low
Uttar Pradesh,Varanasi,83,Kalbhairaw,0.2556965737832932,44.3424578666898,40.39006477999999,45.91016708000001,1.1942020673688063,45.11921962557837,3.7489911785417647,0.9312967509964301,3.821087966831098,0.18646864254144493,0.15596084376438557,21.30473996400888,0.0497613447189232,96.58987360945342,31.710296479320036,78.1222134347506,11.71948978953403,2424.4145176008633,9481.60736661099,108.25718716044605,2424.4145176008633,100,Low,0.16724639938359986,0.06720465,0.38531439999999995,79.9201974624607,0.05908993815430254,14.42512002054667,112.27088249317482,87.03868519557211,Medium,191.6332765715746,0.05525299020127593,4.882537988617345,733.0,990.0,13.86,CRITICAL,2492.3594542110663,Medium,110.70685886373997,31.985286666666696,21.307264444444474,26.646275555555583,44.06431523175306,Low,34.08831062745559,80.72962230034238,96.95525711298126,6.082192195296036,Low,2.6744389992433533,1.3600569044636133,7.793757723856984,1.8046546673733346,Low
Uttar Pradesh,Varanasi,17,Shivpurwa,0.27719369584951914,43.293176245384494,40.63274419999999,44.57713928000004,0.14492044606350163,44.013181372731495,2.6997095572365097,0.8158235910798809,2.805521468561598,0.811138354475597,0.22783749278188262,22.0086837606838,0.0,90.08703712148126,61.5861579936943,58.657227067115414,33.397769860786596,6443.696878111596,23246.18840397331,120.93163548060117,6443.696878111596,100,Low,0.1652221764293562,0.080952,0.3430173,66.64396849653197,0.07027707836840154,14.492594119021458,133.52644889996293,94.05500581504899,Low,150.46669830802216,0.0,5.149652646201522,773.0,1044.0,14.616,CRITICAL,6327.146159213198,Low,154.0109345558572,34.34009053497946,21.931934156378627,28.136012345679042,35.9749517722208,High,49.47411664866654,70.66826876501365,90.63752947125394,24.508545638143072,Low,2.9249547364291053,1.2641554499514478,8.771012882166637,2.2568735105918365,Medium
Uttar Pradesh,Varanasi,64,Ramapura,0.2784657831182136,44.28965475513126,42.66475709000002,45.08642426,1.141398955810267,44.74055511207426,3.696188066983251,0.5167264700296821,3.7468141348861197,0.7704338728937459,0.1834304296622586,21.65082968849336,0.0,91.91068143236167,58.94031608128677,60.32613863533859,11.548561751728805,5129.315667126227,18419.91360550299,95.21147040868529,5129.315667126227,100,Low,0.16970054502220877,0.08046690000000001,0.29479869999999997,85.00060107836934,0.06877930730508539,14.343315165926374,130.68068387966224,94.7792711328536,High,195.702600020316,0.0,5.30638866718569,796.0,1075.0,15.05,CRITICAL,5176.138730426864,High,168.4766230699222,33.356493902439055,21.891229674796776,27.623861788617916,47.6640281555759,High,31.119756910381405,71.19933575875936,93.93426673067142,7.549743062449037,Low,2.874718510268348,1.724209222572859,8.542922469824575,1.6128335442285173,Medium
Uttar Pradesh,Varanasi,58,Nawapura,0.3128921775883588,44.338235737127064,42.721154420000005,45.72217598000003,1.189979937806072,45.04701160973416,3.7447690489790277,0.5441578066292118,3.7481688168133043,0.5717778415078472,0.20698435248685576,21.76938992221849,0.0,98.01306326695803,59.10213390330995,60.02681290271618,44.17893039565003,6561.535918890263,20970.597505708898,184.73114151162616,6561.535918890263,100,High,0.16302939266589045,0.08154670000000001,0.27246285,93.54459314863118,0.08443361314563409,14.565686911136984,160.42386497670478,98.50613773811477,High,199.2832683429968,0.0,6.160667361664821,925.0,1249.0,17.486,CRITICAL,6578.938875325521,High,119.12470652833882,32.6158900885936,21.692573643410874,27.154231866002238,33.02439608519104,Low,62.173780713832,74.18772066458571,98.0968936760374,34.48063117657241,High,3.3523574229954507,1.6153011790164236,8.789132380239607,2.6536976068350056,High
Uttar Pradesh,Varanasi,86,Kazisadullapura,0.3123282638996157,44.922467323644746,43.51755308000003,46.55617286000006,1.7742115243237535,45.71332153509346,4.329000635496722,0.5840252582576433,4.329552155154712,0.7594751340575859,0.19290255267677575,21.960743460346286,0.0,97.74307282237798,61.47892549006567,68.98056280279518,41.28891980030796,6104.200487323836,19544.182172657176,201.61592335168064,6104.200487323836,100,High,0.16905515884078892,0.07787476666666666,0.3112124,99.2904015352334,0.08176147224421297,14.364828038640368,155.34679726400464,99.95833811545965,High,205.48789625029374,0.0,6.186717034200803,929.0,1255.0,17.57,CRITICAL,5864.148216875861,High,147.11150305827184,33.86848850574716,21.880270935960617,27.874379720853888,35.862479337599886,Medium,61.993764979325185,78.32458710649412,98.58503855557333,31.749351459731205,High,3.3412780405855984,1.8404519925533118,8.716896225862072,2.3251527023193224,High
Uttar Pradesh,Varanasi,74,Dashashwamegh,0.3186988155983241,44.32569957631315,41.00359937000002,45.37524695000002,1.1774437769921562,44.941836887720044,3.7322328881651305,0.7777843588274608,3.7749432762988735,0.5067298391226461,0.13011412243769035,21.109773839943752,0.0,100.0,37.5389725622806,77.98232332049554,0.08856749431932161,1481.800347152411,4649.53201777824,40.26526161728553,1481.800347152411,100,Low,0.18735980792954332,0.08863636666666667,0.5030782666666666,43.22410825566195,0.05005767116731361,13.75467306901522,95.10957521789587,69.72151469799225,Low,187.09278552449913,0.0,5.980336346462703,898.0,1213.0,16.982,CRITICAL,1516.6503250271664,Medium,149.22320788874814,32.664826007326035,21.627525641025677,27.146175824175856,61.74540798800519,Medium,17.77081480597761,71.86939152865172,99.81799129330268,1.045654914071347,Low,2.3254723356793345,1.565732595892734,7.301687705396061,1.1,Low
Uttar Pradesh,Varanasi,39,Shivala,0.3209961089725207,44.17829565360687,41.18646344000001,45.36499289000005,1.0300398542858744,44.91964522133208,3.5848289654588315,0.8285930601764521,3.6643084296196555,-0.49906707849875004,0.19601889921588933,21.120949405417335,0.0,91.08471866800943,52.166443322414864,59.812579208518194,25.71125403466775,1883.0515272851085,5866.275243374709,131.21224933098966,1883.0515272851085,100,Medium,0.16450582907608108,0.062329,0.3294842,65.55059044407658,0.06645763763499968,14.51647236413063,126.26951150649937,76.40020498205287,Low,183.7434487645768,0.0,5.769611414846264,866.0,1170.0,16.38,CRITICAL,1893.8907139497646,Medium,40.901290639277335,32.08132978723408,20.621728723404285,26.351529255319186,34.002763714706695,Low,42.473059177961595,63.222529126368656,95.5312669929675,19.591180646522943,Low,2.4149656986963075,0.8719890817901595,7.541179804701323,2.141817963768016,Low
Uttar Pradesh,Varanasi,55,Ishwargangi,0.32706196003811283,44.3036209051421,42.933071659999996,45.32910368,1.1553651058211045,44.843543899906265,3.7101542169941246,0.48879657626763484,3.753216308591132,0.8662694154882996,0.2133765748740109,22.042941744244825,0.0,84.25017417265306,57.97157411495923,50.922892708846625,30.92226638413035,5691.224241069718,17401.058320590124,157.46017451435765,5691.224241069718,100,High,0.17054950780651398,0.07429069999999999,0.46011179999999996,80.5408049109498,0.07646749247095289,14.315016406449532,145.28823569481048,90.3052734863243,Medium,197.09493048944938,0.0,5.963050191767596,895.0,1209.0,16.926,CRITICAL,5814.604077627146,High,151.0927373798614,33.36089130434785,21.987065217391333,27.673978260869593,38.53261881426347,Medium,49.159196493658285,64.89378192260452,90.33437064989542,21.385420241127978,Low,3.123321212565501,1.7950368686304292,8.646856354264688,1.9629911199807648,High
Uttar Pradesh,Varanasi,43,Khojawan,0.36114927751074793,43.86782087672061,41.58978980000006,44.98388366000006,0.719565077399615,44.37778045108844,3.2743541885725826,0.5811202551963304,3.316256115562462,0.7008586098617007,0.18811270048794004,21.837539398982024,0.0,93.13797001406455,55.662217313134825,73.85422795648782,59.310512266953864,6450.918673107674,17862.194596016303,180.60571803696163,6450.918673107674,100,High,0.17262440382848906,0.07847490000000001,0.356252,77.60263977642323,0.08935682292943545,14.24585320571703,169.77796356592737,97.12359366885592,Medium,180.5788482911026,0.0,6.9900205703872835,1049.0,1417.0,19.838,CRITICAL,6543.395017766016,Medium,107.85360340755108,33.14657598039218,21.821654411764733,27.484115196078456,27.261067293417952,Low,71.52816356976956,80.72947920938091,95.56553682558919,49.021373486268885,High,3.114316182501639,1.4714879481141998,8.772132834253641,2.3400557182724855,High
Uttar Pradesh,Varanasi,60,laksha,0.3738853682755456,44.18885760972953,42.71944541000005,45.127440500000034,1.040601810408539,44.68662472991106,3.595390921581485,0.4701289474943206,3.6027401828770023,0.8602721592620454,0.17809332146341952,21.953318666414365,0.0,95.07807663939518,57.95210654777132,68.32241007055885,22.961981496643,8361.014044368969,22362.506676664274,152.30421496328842,8361.014044368969,100,Medium,0.17405906903610086,0.04630429999999999,0.30809159999999997,83.54812589639857,0.09313811207222948,14.19803103212997,176.96241293723602,98.89903767737727,Medium,195.608588774089,0.0,7.323504099974567,1099.0,1484.0,20.776,CRITICAL,8504.963100298713,High,163.6654116937664,33.64219417475731,21.981067961165074,27.81163106796119,41.28379135674209,High,47.416683304978854,79.13898639090522,97.09765982431928,13.940041377280904,Low,3.007254966751429,1.7349174807902399,9.031454591461737,1.7356982550308384,Medium
Uttar Pradesh,Varanasi,45,Chetganj,0.38757600058428965,44.33802793133355,43.36716020000006,45.47266051999998,1.189772132012557,44.89090918927532,3.7445612431855166,0.3910622306262542,3.7566013291547287,0.9525988232737967,0.18829267217963774,22.16504096613062,0.0,92.22163366207687,59.61767333695534,58.4256870125579,24.239577390729707,8085.91152930166,20862.776635064492,154.45152000943028,8085.91152930166,100,Medium,0.16581111552554723,0.077165,0.3248348,90.19816025241644,0.10067700344785782,14.472962815815091,191.28630655092985,96.78919227059063,High,200.97330632105192,0.0,7.472168790443085,1121.0,1514.0,21.196,CRITICAL,8252.389097924326,High,158.63988743193258,33.413565535124974,22.073394625176828,27.743480080150903,39.58950664800241,High,46.59668559827955,70.28653312611422,95.95868497346656,15.15724422960464,Low,3.313167253649917,1.8695110667712338,8.998002173169734,2.162001280035648,High
Uttar Pradesh,Varanasi,29,Naibasti,0.42105922618906383,43.78795498473925,42.74166253999999,44.601065420000054,0.6396991854182588,44.236817985421794,3.1944882965912513,0.40878296354593,3.1956499997158043,0.7884570966477173,0.21078979789795413,21.851552890942198,2.646223053629355E-4,98.14660844257754,59.60394435440859,68.33721631206483,58.85652129208695,7964.286483405617,18914.884149408226,178.3106868210582,7964.286483405617,100,High,0.17539421546356912,0.08769665000000001,0.349432,75.75010983172741,0.10431822081783264,14.15352615121436,198.20461955388203,99.41428282185521,Medium,178.2663987551964,2.643333435847147E-4,8.328000731129569,1250.0,1688.0,23.632,CRITICAL,7912.101804306927,Medium,137.21766201517963,34.71548550724639,21.90925289855075,28.312369202898573,30.09570071145481,Medium,71.43386167768446,77.2137288950235,98.92641947820928,48.791812788440794,High,3.0843255063534833,1.490934976539692,8.982848189482084,2.1908258304445547,High
Uttar Pradesh,Varanasi,50,Saraiya,0.4328164123327246,44.38721243150294,42.16572616999997,46.467304340000055,1.2389566321819458,45.327680834581344,3.793745743354939,0.6594973915324595,3.826968053243811,0.3600375314303257,0.21598560683379908,21.356437450644048,0.016403907001415367,94.90715732766094,58.821068257931174,56.89489343337996,84.4947940004308,6640.398577910779,15342.298463501931,208.03426214740887,6640.398577910779,100,High,0.17078884451330423,0.0498448,0.3325344,85.95097019770832,0.10628260843509232,14.30703851622319,201.9369560266754,95.02294317533533,High,201.34869325442648,0.0165868350903953,8.180321667836441,1228.0,1658.0,23.212,CRITICAL,6906.305505760046,High,71.23433791660143,32.83100000000003,21.480833333333358,27.155916666666695,22.468750178329344,Low,76.30755060284666,69.45658996934823,94.31777083861728,74.4491196008946,High,3.1790896390654746,1.4978489668455048,8.801077849494694,2.4372744411851714,High
Uttar Pradesh,Varanasi,21,Habibpur,0.4396253798928226,43.72550851650961,39.41251106000004,45.67090568000003,0.577252717188621,44.75439783606085,3.1320418283615936,1.0023933509105285,3.251375610367591,1.0216628757829413,0.1992630236308441,22.19189379901173,0.0,89.62490246843842,56.87560670777507,63.21558191370746,16.218958717608345,7014.82425549077,15956.367799331632,105.26798632327508,7014.82425549077,100,Low,0.1690754255799335,0.0383432,0.3087542,70.69089397703242,0.1026313752920261,14.364152480668883,194.9996130548496,89.15510698241323,Low,174.36936539009773,0.0,7.767366676044192,1166.0,1575.0,22.05,CRITICAL,6816.968377625709,Low,171.97371431484768,33.67601534828811,22.142458677685973,27.90923701298704,43.72079703321735,High,35.86059350293311,68.80580609927617,91.60584926098562,9.123560189115217,Low,2.9167318914433027,1.6005951863130043,8.855923484634918,1.7505485846479127,Medium
Uttar Pradesh,Varanasi,54,Bhadaini,0.4843689477069131,43.61913000495604,40.84466143999998,45.09496931000001,0.4708742056350488,44.42150116848683,3.0256633168080014,0.7863177163178551,3.084352947782022,-0.3064527362095716,0.231595387650865,21.098809143916682,0.0,92.53912077563064,66.40405768539829,48.961609586092365,33.736179244537695,6868.47475689159,14180.25410053255,137.4977207014218,6868.47475689159,100,Medium,0.16185187245117028,0.042295666666666655,0.3354941333333333,76.5105608019473,0.12582941812366985,14.60493758496099,239.0758944349727,94.02230554968304,Medium,169.35362306282613,0.0,8.972398728120352,1346.0,1818.0,25.452,CRITICAL,7001.848369508632,Low,65.87191994339646,32.017792231491164,20.81434306569346,26.41606764859231,33.790260085922846,Low,50.306718669609275,58.30636922539679,95.08409151032114,25.236930022934875,Low,2.4495753176324153,0.6772080371014101,8.83484292769266,2.456696208989513,Low
Uttar Pradesh,Varanasi,75,Dhumchandi,0.5007996017139656,44.14058537271947,41.835887240000034,45.55127498000002,0.9923295733984787,44.92996676539011,3.5471186845715112,0.7108898643889526,3.629234869381331,0.9179760377681182,0.24052360579180346,22.064887443747125,0.0,88.8927371471233,64.00015199093711,58.59284554608427,33.593944301181615,9186.973346096864,18344.60992911103,162.48299600501758,9186.973346096864,100,High,0.16507229878436466,0.0533586,0.3943974,83.03072791262424,0.1242619461610168,14.497590040521176,236.09769770593192,91.94816349756809,Medium,194.34418200296764,0.0,9.161407536765282,1375.0,1857.0,25.998,CRITICAL,9271.91060114842,High,155.26216002769385,33.89156474820147,22.03877183967115,27.96516829393631,36.473651193005,High,52.52305095918915,70.00856891364852,90.16622387786049,23.625188690690173,Medium,3.3393005927949875,1.7498489196399754,9.125650662857552,2.331858269101561,High
Uttar Pradesh,Varanasi,4,Rajghat,0.520125311786684,44.438758841539816,40.94378402000001,47.69095550000003,1.2905030422188233,45.83994158046196,3.8452921533917728,0.9688139627196696,3.9019896951100983,0.12684887402291997,0.25395076880110246,21.22770096904505,0.003503713540137848,82.32161956203895,60.40574719082307,37.193431044620716,33.28741227688959,6887.769712500478,13242.51974748216,139.18948147060993,6887.769712500478,100,Medium,0.16037320390662557,0.0643185,0.3552216,88.17567423467723,0.13004346566836816,14.654226536445812,247.0825847698995,89.53271977309069,High,203.49168182145246,0.003521696056767584,9.20158774410162,1381.0,1865.0,26.11,CRITICAL,7168.121403264064,High,104.72815625398711,31.651335400132297,21.24764467592595,26.449490038029126,39.9360845973349,Low,40.51260685129366,51.46979562058477,87.93479452100904,24.47572431067894,Low,3.0383092230912783,1.3673300739263021,8.837647786743048,2.3210572921959676,High
Uttar Pradesh,Varanasi,37,Lallapur,0.5508006723355837,43.51903913742253,41.57611772000001,45.42651725000002,0.3707833381015391,44.48072898020749,2.92557244927448,0.7613273029972004,3.0745453254568744,1.0437447963875892,0.2632177437463256,22.056103171537725,0.0,78.08146558898034,63.0227460840342,49.45401380738743,4.769382888181789,10421.226662250596,18920.141506111497,35.88885587402987,10421.226662250596,100,Low,0.15835285786369854,0.074884,0.34734360000000003,67.35768460420954,0.13321085301912594,14.72157140454338,253.10062073633927,85.3704037367882,Low,166.72961782291225,0.0,9.702255649980305,1456.0,1966.0,27.524,CRITICAL,10682.203044966154,Low,186.08756441417577,33.99349053724057,22.16454059829062,28.079015567765595,46.88378915676764,High,20.273369705019437,58.642409756561996,83.34173492565847,1.7092969834126306,Low,3.052489007098447,1.499640330515013,9.251695983673521,2.05,High
Uttar Pradesh,Varanasi,56,Jalalipur,0.6014752149683424,44.540459289154214,41.136902150000026,46.29982136000001,1.3922034898332214,45.443098525385636,3.9469926010062077,0.7914031306222528,3.986282158643877,0.6200755431262345,0.2155450184697641,21.62979410206606,0.0,94.31603624212451,59.197140893388365,61.216137120575894,64.41433936117603,9832.460668586284,16347.241621757927,207.48181041154484,9832.460668586284,100,High,0.1644813741503973,0.0631398,0.25627789999999995,93.16333619017587,0.15576358368808993,14.51728752832009,295.9508090073708,95.5474738890494,High,209.50314102484606,0.0,11.452586692347184,1718.0,2320.0,32.48,CRITICAL,9935.431649481085,High,111.55072568509826,33.25112914230023,21.74087134502927,27.49600024366475,27.84337282040952,Low,70.1777801553695,72.10520059776053,96.05832202090399,54.58132153010203,High,3.5349427824276076,1.746433112999864,9.193546202923716,2.751136542829295,High
Uttar Pradesh,Varanasi,24,Jagatganj,0.6237291378053057,43.867508288153715,41.27874998000004,46.19728076000001,0.7192524888327227,44.953737883990385,3.2740416000057118,0.8485776311148574,3.436274679352176,0.7977189986117995,0.25516153992126395,21.95317291489163,0.5191628860328943,90.85030645721592,61.92103998407347,49.55199834912066,11.549841424113938,11038.028916841396,17696.83063978786,39.65836389263811,11038.028916841396,100,Low,0.15789429414504216,0.0716169,0.36560639999999994,70.32387626010028,0.14515351661907702,14.736856861831924,275.79168157624633,81.88229701824378,Low,183.56741963949582,0.1443970672311735,10.853695410959173,1629.0,2200.0,30.8,CRITICAL,10927.28047874301,Medium,180.86245846620722,33.993423423423465,21.918514800514835,27.95596911196915,46.75564425253455,High,23.654796676384546,53.29613289790956,78.7668328691055,6.696305405198764,Low,3.076078775352838,1.5360182808648997,9.309192355531307,2.0355602932768826,High
Uttar Pradesh,Varanasi,15,Nadesar,0.6603566341881046,44.54425556324195,41.12152106000002,45.92383916000006,1.3959997639209547,45.26007959182185,3.9507888750939593,0.7693345381834542,3.9690137707159656,0.37708798188077874,0.20865028805457358,21.64362043107825,0.0,95.04227065018117,62.36720000341914,53.91143475299788,7.978610754212418,11551.06980860093,17492.168944138408,45.40911215512987,11551.06980860093,100,Low,0.16200442107488633,0.05587553333333333,0.366940575,97.89222084039108,0.18011239136628068,14.59985263083712,342.21354359593323,98.82569533133123,High,210.68672211239584,0.0,12.902914767762168,1936.0,2614.0,36.596,CRITICAL,11522.581261040183,High,181.8251916343589,34.05948018018022,21.497883783783813,27.778681981982018,53.50386989307913,High,25.866882391345662,66.89262802781279,97.0264858163743,4.955712417388877,Low,3.0756461872564733,1.5850946109991368,9.354619904102657,1.96213004037847,High
Uttar Pradesh,Varanasi,44,Bhelupur,0.6688135705242236,43.459990487548495,39.15615955999999,45.146239610000066,0.31173468822750294,44.336709914907466,2.866523799400376,1.012904056166339,3.1840695409121693,0.29101178236666436,0.25089839385687135,21.690191714810727,0.16679338941039865,86.41070250097016,55.92091769620293,54.615851427666826,28.98999816634329,7868.088779105393,11764.24810420383,99.04731294971982,7868.088779105393,100,Low,0.1705818419979732,0.03696265,0.36528822499999997,46.06101489377476,0.12490967954451121,14.313938600067559,237.3283911345713,72.15489644124287,Low,161.52606207696357,0.08595740075608173,10.968167396173536,1646.0,2223.0,31.122,CRITICAL,8026.72891519584,Low,121.22415038918797,32.74693773408242,21.4118075842697,27.07937265917606,36.011538797546464,Low,36.35139570826613,48.40634907128792,74.43181202789957,20.382132747022897,Low,2.464618037239203,0.9983811161861549,8.970697550604445,1.671576646587083,Low
Uttar Pradesh,Varanasi,57,DithoriMahal,0.6974481566839392,43.74264377593478,41.23431572000004,45.05908010000002,0.5943879766137883,44.438181613659296,3.1491770877867786,0.7086010999413836,3.260078075269891,0.21908070932324883,0.2487713622274538,21.315811063218423,0.06508051824864525,81.82273167692418,61.853061160443275,40.809339293589645,26.6030426258123,12319.496590019673,17663.673596319313,122.70445330281837,12319.496590019673,100,Low,0.17095189709778916,0.07673340000000001,0.3016628,68.38092986106025,0.15735665615416072,14.301603430073694,298.9776466929054,87.41612825446938,Low,179.03725772140453,0.038543860304408366,12.295159709138623,1845.0,2491.0,34.874,CRITICAL,12607.429721159095,Medium,152.95689914249968,34.958292746114026,21.339876511226283,28.149084628670153,36.37952084255097,Medium,40.5436020959487,53.38483980346106,83.62076755165195,17.287701853655687,Low,2.617161757016823,1.088551276462666,9.419019543906646,1.74838514280674,Low
Uttar Pradesh,Varanasi,23,Alaipura,0.7361519817150274,44.02159957523989,40.10636912000001,45.70508588000001,0.8733437759188973,44.93686010635052,3.4281328870918495,1.0524435981504228,3.628232063814563,0.7012757389774972,0.24722010182259252,21.81878232223772,0.0,82.65235187561085,58.241791378607296,37.301940484544374,52.46187433008445,10503.858022502824,14268.599804665042,159.94049220198295,10503.858022502824,100,High,0.16234080419671693,0.08422615,0.3927442,72.80777549970942,0.16747920421078794,14.588639860109435,318.2104880004971,82.63388650542798,Medium,190.4601882500882,0.0,12.434398466165181,1866.0,2520.0,35.28,CRITICAL,10604.747369055653,Medium,135.0193589621623,33.58112460691827,21.822071540880533,27.701598073899405,32.4925298667871,Medium,52.87918492031206,49.49675980291974,81.86885092128294,47.28465269045075,Medium,3.290317848523846,1.5469578318285508,9.259593097957195,2.4868133029798036,High
Uttar Pradesh,Varanasi,11,Chaukaghat,0.7820842886419807,43.84461131569441,40.30119625999998,46.51515662000003,0.6963555163734156,45.253414833708334,3.2511446275464397,1.2489211919361356,3.54970556395133,0.6190865045740886,0.2656551673099144,21.81570352666655,0.021377540544061605,82.84427938263354,57.08042129758095,44.204067610941124,65.6596684847374,11002.636601107728,14068.351405208281,161.80562226610306,11002.636601107728,100,High,0.15533047877755682,0.0787262,0.26242279999999996,68.32102660111889,0.18230499906449235,14.82231737408144,346.37949822253546,80.56343527896952,Low,183.00826475780943,0.011873417131101054,13.349286218559081,2003.0,2705.0,37.87,CRITICAL,11034.169156841202,Medium,128.92006465295162,34.092505529225946,21.73988230647712,27.916193917851533,29.83295151681611,Low,57.35125099526148,50.851835353949745,80.49380854287496,55.6682856831204,Medium,3.2767158284839066,1.4055321977736421,9.305981097245038,2.689759018132961,High
Uttar Pradesh,Varanasi,31,Loko Chhittupur,0.7910412055935914,43.48121201974485,41.30096710999999,45.33252170000003,0.33295622042385986,44.424420939584806,2.8877453315968076,0.8014581502232025,2.89547877249939,0.6359569367511453,0.2585562345061228,21.76388916237788,0.051166228239392646,89.20926348959851,63.078622788823445,49.75436317183632,43.03246357088546,17474.950649545706,22091.075061548323,140.80133752237322,17474.950649545706,100,Medium,0.16593564448165143,0.07803360000000001,0.3780344,70.37125341794423,0.19731503378260917,14.468811850611619,374.89856418695746,93.028870730893,Low,167.4203612409315,0.05175687505700447,14.809052832398024,2222.0,3000.0,42.0,CRITICAL,17650.126918897437,Low,142.87474875082066,34.05582629107984,21.75675273865418,27.90628951486701,32.95144262217512,Medium,52.92915392075829,61.57389627246827,91.37717297748321,33.15907451730255,Medium,3.025994339195107,1.2391112439575163,9.768580966168605,2.289088351503798,High
Uttar Pradesh,Varanasi,10,Sundarpur,0.8842561419787492,43.29518639386282,40.12345922000003,44.52928700000001,0.14693059454182844,43.954488832073665,2.7017197057148397,0.6767587375129535,2.7992020504015596,0.23053753143033368,0.24264655555824785,21.405523300969037,3.12539635363062E-4,88.31405971714047,63.417432570078134,47.83368986146401,65.48757446001866,15028.38287712546,16995.508613031074,148.51737180759707,15028.38287712546,100,Medium,0.1726292210185382,0.081196675,0.36085199999999995,60.43169327664351,0.20398155282611619,14.245692632715393,387.56495036962076,90.5551194794389,Low,155.4231483868453,3.174110803423341E-4,16.400069201146284,2461.0,3323.0,46.522,CRITICAL,15097.976992289221,Low,103.28225641932049,33.55717913385829,21.351333333333365,27.454256233595828,26.793736660468493,Low,65.64431079890657,60.09372073803017,90.05340937761339,56.05408349219546,High,2.65298199541983,0.877414250444928,9.617762422497902,2.212708373108675,Low
Uttar Pradesh,Varanasi,22,Rajabazar,0.89182912976656,42.38151711467174,39.132233420000034,46.10841224000001,-0.7667386846492548,44.15384967736181,1.788050426523778,1.3310165410513692,2.1974941717223713,-0.18671995704893585,0.3177861770552978,21.06349554174284,0.36596571598472755,66.54568171636105,60.47484117184396,37.406369112562736,21.63896765111448,10304.368140964882,11554.195525842593,15.638005330624186,10304.368140964882,100,Low,0.16308034275457375,0.07771030000000001,0.46135079999999995,NaN,0.15332402132671466,14.56398857484754,291.3156405207578,62.781653363071975,Low,45.231980042918515,0.0359499053463026,13.490087826070136,2024.0,2733.0,38.262,CRITICAL,10622.458259941548,Low,137.67285384883715,34.047203917050716,20.934075844854096,27.490639880952408,40.03496927621375,Medium,27.7528060774383,42.21261697225725,59.09949781231728,19.116263090401755,Low,1.6559991132458818,0.2585847879965622,9.240420217185715,1.9005775955026347,Low
Uttar Pradesh,Varanasi,25,Jolha,0.9100447198016789,44.075101567259686,41.81025209000006,45.36670190000001,0.9268457679386941,44.74269481617791,3.4816348791116516,0.6226746784272096,3.4959482900520333,0.8744535419290133,0.19920132668021265,21.943321965255826,0.0,94.37160976512261,60.865721966718674,74.08024284392579,72.3362053873154,17956.000255928782,19730.898784668338,205.01822917396763,17956.000255928782,100,High,0.17201957048899325,0.0838542,0.30315759999999997,81.29939037082976,0.22486023581927872,14.266014317033557,427.2344480566296,96.53312568057525,Medium,196.2786197119611,0.0,17.566653117496106,2635.0,3558.0,49.812,CRITICAL,18048.722537650316,High,111.89022698011293,33.7176411698538,21.995249343832047,27.856445256842925,25.649687945842746,Low,77.82301920704586,80.57778139384332,96.36527779145806,61.898063542910066,High,3.398437147005654,1.6887658523577387,9.79573530429421,2.372636714937644,High
Uttar Pradesh,Varanasi,7,Hukulganj,0.913453115859633,43.33302646266162,40.24992596000004,45.34961180000005,0.18477066334062897,44.39739530565982,2.7395597745136375,1.0749763818746887,3.1329017194481907,0.470624740732653,0.27899061900083083,21.692115096899254,0.21168665288805688,76.17399418216016,51.3583944786375,45.16148771460166,64.72541395913349,10830.660105686562,11856.831968320606,128.8273439539246,10830.660105686562,100,Low,0.16792727417725167,0.0589039,0.3934928,32.89460781157084,0.15971464810265307,14.40242419409161,303.45783139504084,66.19350081412631,Low,155.52391033215676,0.18575078159548913,14.120581985947489,2119.0,2861.0,40.054,CRITICAL,10836.604730882837,Low,128.31400189238744,34.30678294573647,21.591420542635685,27.94910174418608,29.906837648378772,Low,51.52689653810576,45.650313251297476,69.79416950463714,52.47651984068309,Medium,2.7578761220479016,1.0562462170439364,9.290228615938036,2.137630789371708,Low
Uttar Pradesh,Varanasi,8,Nagawan,0.9770624800163508,42.877370123835924,39.04336490000003,45.94092926000002,-0.2708856754850686,44.31080729601602,2.283903435687969,1.1077646038833746,2.506827508405259,-0.04543486276248865,0.2652089702520868,21.084070055924,0.37800148673071343,85.23779877560798,63.87463558315126,42.73671247670376,45.08641677269665,15004.010973118806,15356.24515319401,94.57450068954081,15004.010973118806,100,Low,0.17146253941360934,0.07422239166666666,0.4578502666666666,41.24437261092897,0.20244735118207702,14.284582019546354,384.64996724594636,80.59907380400772,Low,121.07132392529363,0.1267175173417874,16.883065839238437,2533.0,3420.0,47.88,CRITICAL,14879.938470099949,Low,77.26930687972981,31.644369260966062,21.07536093914054,26.3598651000533,29.876116544962585,Low,47.430122791339706,49.42925998027466,79.68763906497256,36.99270301396694,Low,2.061281911748754,0.48882582307849004,9.616139489171688,1.8631905895849457,Low
Uttar Pradesh,Varanasi,53,Birdopur,1.0662487393118958,43.45968573478981,39.39883898000005,45.146239610000066,0.3114299354688157,44.326381995768,2.866219046641831,0.8916260779515884,3.0862920622092704,0.8141343491218076,0.26447809481058504,21.958552689938173,0.31776268913653677,77.67147383767617,61.27688666828097,47.282097032597,46.948925136306954,19595.309970182527,18377.803647231856,139.94441153756608,19595.309970182527,100,Medium,0.16656871290948,0.0707835,0.42085448000000003,59.77450515792743,0.23287601865847563,14.447709569684,442.46443545110367,81.8424394910898,Low,166.62897745583481,0.14592762148921204,17.985587637008198,2698.0,3643.0,51.002,CRITICAL,19987.3088514141,Low,143.19573436556792,33.573998381877054,21.934930151024837,27.754464266450945,33.2694869740804,Medium,52.717548516546,56.68749530324704,76.87298816890375,37.24793874693793,Medium,3.1018741810977555,1.347572317070691,9.883096560666763,2.2409254780849377,High
Uttar Pradesh,Varanasi,14,Nawabganj,1.0791767944903439,43.706974574714586,41.26336889000004,44.99242871000001,0.5587187753935936,44.34360492941438,3.1135078865665773,0.624027088411753,3.1949818568068036,0.11847537521471284,0.22030402594611737,21.418629602888128,0.07395262059055582,90.60602281546583,65.76899709674211,58.921908998456104,47.81869717964046,17343.141814048613,16070.714180097943,163.76028671830537,17343.141814048613,100,High,0.1738130954122889,0.06442439999999999,0.3776286,70.96918796710014,0.2545451503129838,14.206230152923702,483.6357855946692,93.46046688644242,Medium,179.39252326056726,0.0145052513340799,20.43144271875693,3065.0,4138.0,57.932,CRITICAL,17442.650955439545,Medium,98.5990693957248,32.33153622505111,21.239271177117743,26.785403701084427,31.493863427824213,Low,60.52481561332477,68.62911355953582,92.58174944279827,37.84618308956842,Medium,2.711848891579053,1.0039264924626112,9.76101008075395,2.0351657381435984,Low
Uttar Pradesh,Varanasi,19,Shivpur,1.103882818329378,42.99859661616627,38.22987613999999,45.27783338000006,-0.14965918315472493,44.176552239445485,2.4051299280182987,1.0137646859140756,2.492974839021835,-0.8565786466369896,0.25885298699530823,20.379972972178606,0.0,78.29281436784656,65.24827554545911,40.88452979490052,60.02155890173009,16091.465690777346,14577.150240575584,119.97340288989156,16091.465690777346,100,Low,0.16981657338644793,0.03453985,0.46781439999999996,50.700277765019855,0.2500992617721449,14.339447553785067,475.1885973670754,87.01692693972092,Low,133.43690415172568,0.0,19.406801971749278,2912.0,3932.0,55.048,CRITICAL,16170.19232236077,Low,114.04513123914212,34.78006948968517,20.264217155266046,27.522143322475607,30.157173328168,Low,59.0026019427478,54.574998889038326,84.46062187350772,49.54800613866589,Medium,1.8510770079342862,0.29516579333723114,9.686106471923711,2.2184936762487557,Low
Uttar Pradesh,Varanasi,34,Koniya,1.1660937901157624,43.03687498068353,40.15763942000001,46.07081402000006,-0.11138081863746407,44.55043699307632,2.4434082925354534,1.2416204630171495,2.8200394708742453,-0.25078611790708216,0.30035528135980255,20.833249830546233,0.14425982156160516,80.04669953790963,57.50660739451579,42.061105135461446,85.30571357356602,13179.801581812842,11302.522741763709,119.59637915369534,13179.801581812842,100,Low,0.16551668367562952,0.0485432,0.3813593,33.169059094213225,0.2137007148754391,14.482777210812348,406.03135826333425,68.135600301932,Low,135.50198626346088,0.1022592234530978,18.577344336057532,2787.0,3763.0,52.682,CRITICAL,13049.84971564798,Low,27.50460384284289,31.947160659676744,20.87000968399595,26.408585171836346,20.201388855503033,Low,57.00466779437862,43.408713720365725,71.87288593700985,77.7945592599623,Medium,2.137553691010535,0.4296838389909006,9.48651662425062,2.3960468452509356,Low
Uttar Pradesh,Varanasi,20,Sikaraul,1.1756706803227872,42.82353018753493,39.344150660000025,45.503422700000044,-0.3247256117860644,44.0914810757671,2.230063499386931,1.0642344439017666,2.5263376126720143,-0.2287194545976101,0.3007138033577277,20.93855225385174,0.2939905361555292,68.74077218151298,61.93116543948416,35.80059115990673,38.95447526875395,16127.469209648581,13717.675773985187,81.49831741937591,16127.469209648581,100,Low,0.16632622381084466,0.056400599999999995,0.3351723999999999,29.85773415247569,0.21832814174671059,14.45579253963851,414.82346931875014,69.46208552232721,Low,115.52455903995349,0.049966403814515926,18.77209581640281,2816.0,3802.0,53.228,CRITICAL,16098.878013371492,Low,132.7812137514952,34.83208083832339,20.892076347305423,27.862078592814406,33.457791183977626,Medium,41.82233126820129,44.95812301256089,67.89411195912176,29.013279652584238,Low,1.8824549008352716,0.34010326842334404,9.688341263308061,2.0244800777734393,Low
Uttar Pradesh,Varanasi,18,Khajuri,1.2584287331696338,43.18458507702669,39.82267346000003,45.64697954000002,0.03632927770569694,44.28150890612167,2.5911183888787064,0.8847460035470026,2.6631197512479057,0.5160733787301424,0.28907741560216155,21.600661589621154,0.029614105083862318,79.90331017774082,62.93916540554509,39.68920962698456,44.77181950056908,18568.538955329455,14755.336131399705,118.80172043202077,18568.538955329455,100,Low,0.16388323773755428,0.07775455,0.3817186,52.06744572848033,0.27182235015657713,14.537225408748188,516.4624652974966,79.34415354127741,Low,148.92538655256885,0.03272947162267591,20.917232542310806,3138.0,4237.0,59.318,CRITICAL,18830.79049730487,Low,151.5699853974438,34.866514432029824,21.636869180633177,28.2516918063315,33.621613238978306,Medium,48.9939737190755,49.55182675375785,76.91281521728031,33.818148459669345,Low,2.846978366975553,1.0140151234712824,9.829277826646488,2.3151890430727624,Medium
Uttar Pradesh,Varanasi,28,Newada,1.4133412667400798,43.17120899405477,40.56438380000003,45.00097376000002,0.022953194733780435,44.046742505350714,2.577742305906804,0.7191929253175535,2.672719504352002,-0.14504817055071792,0.2560998076821145,21.346842917526537,0.0,86.0261614462836,66.99960067788325,47.56857449013813,77.05492460987799,19853.446331457995,14047.170912408616,145.83142075525598,19853.446331457995,100,Medium,0.1758328916619192,0.08275200000000002,0.40613119999999997,54.77297526726769,0.31419401097558197,14.13890361126936,596.9686208536057,89.5188099137366,Low,148.31633634666443,0.0,25.390773968497996,3809.0,5143.0,72.002,CRITICAL,19924.54408160939,Low,71.22636720726277,33.801728005414084,20.975747631352316,27.3887378183832,22.17623088152836,Low,69.19736056292152,59.818976065099655,88.12992236963757,66.69035269347093,High,2.2807320768275128,0.5659791216982936,9.896183257578858,2.118140050480913,Low
Uttar Pradesh,Varanasi,40,Sigara,1.4397719031678469,43.82300700674377,39.54923186000002,44.82665474000004,0.6747512074227799,44.37558440429227,3.2295403185957903,0.6057512000991228,3.27929046667441,0.7958361425414425,0.20845142234937292,21.968533369731496,0.0,95.76309309746372,60.68605603559719,61.6303535903367,30.71109523760902,29767.798914052917,20675.357567790114,145.22116755703513,29767.798914052917,100,Medium,0.1741505082755249,0.0801041,0.3648875999999999,75.18763830588138,0.3494272945432147,14.194983057482503,663.9118596321078,96.42322878672647,Medium,188.3359089246538,0.0,27.824723225989345,4174.0,5635.0,78.89,CRITICAL,29878.466658977428,Medium,168.41833551421354,34.261401610644285,21.91663194444447,28.08901677754438,38.23246027729621,High,46.76456477773766,70.77035112098729,96.18209764873377,23.282538796367312,Low,2.9907995983395628,1.5130016555157755,10.301216107682079,1.716461392309295,Medium
Uttar Pradesh,Varanasi,5,Narayanpur,1.4659812805619865,42.87961167818234,39.99015644000002,44.52928700000001,-0.26864412113864944,43.71679432117102,2.286144990034397,0.7628517789023315,2.516661464582097,-0.09873299997063492,0.2868994820126831,21.147818530145774,0.23566516011864008,78.55275032368691,61.648797622924846,46.12707647350727,72.1534515593767,20035.99791885077,13667.29451768302,109.0977319695688,20035.99791885077,100,Low,0.17310882133875494,0.0749687,0.3782528,35.17802467764019,0.2756681547223878,14.229705955374834,523.7694939725368,74.09633843591152,Low,122.7522711193114,0.05003108713095395,24.598260689230074,3690.0,4982.0,69.748,CRITICAL,20263.813369152595,Low,98.182245847923,35.2870471014493,21.022062801932396,28.154554951690848,24.335005540911094,Low,57.8129073689883,51.724162193172184,73.33976341375853,61.571826695841665,Medium,2.083601384877471,0.45432945873873476,9.90533573952843,2.010035901133196,Low
Uttar Pradesh,Varanasi,9,Lahartara,1.5501831311346481,43.91250175299175,40.258471009999994,48.85308229999998,0.7642459536707591,45.91697048227836,3.3190350648437112,1.1444696323040733,3.4639357464013263,0.29267010718790504,0.24895069226820674,21.482884305130707,0.021148883787242202,84.56922417434431,59.03635729292451,39.839123977905864,54.82690759852169,26467.218512441596,17073.607615036464,161.07006450164585,26467.218512441596,100,High,0.16565231463460184,0.044221199999999995,0.39244049999999997,72.93034817420566,0.3579524847907621,14.478256178846605,680.1097211024479,85.93739614630341,Medium,191.76346121250108,0.02109954127713568,26.78653689007646,4018.0,5425.0,75.95,CRITICAL,26922.89747311461,Medium,125.99176683666596,34.313569128787904,21.413465909090938,27.86351751893942,29.25820773537808,Low,52.885723849958026,50.57262136986244,88.02566861005356,46.318018342530515,Medium,3.060736924066506,1.220747548035044,10.183699990819559,2.3064633134249704,High
Uttar Pradesh,Varanasi,36,Pahadiya,1.5653557039395367,42.90168129948922,40.22599982000003,45.29492348000002,-0.24657449983177315,43.9669131332314,2.3082146113411914,0.7655478936390889,2.352243864339517,0.729898022501756,0.2638506813709429,21.84367719771942,0.05137235565139028,82.9848067128239,63.58209410597086,44.94544671789449,75.49553964173361,25240.910472346288,16124.712363344888,121.61580205617852,25240.910472346288,100,Low,0.1732744037470951,0.040306366666666656,0.33335586666666667,44.80265332049826,0.3388763560370658,14.224186541763494,643.8650764704249,85.4149496868047,Low,126.0742221962913,0.01710563659874525,28.09049527700848,4214.0,5689.0,79.646,CRITICAL,25355.56432554955,Low,98.53026817531949,34.47580357142861,21.850693824404793,28.1632486979167,23.104185745923004,Low,66.75188263258931,57.107292670829885,86.39370677222914,65.2787687476903,High,2.8321901248679184,1.0184787295294842,10.136261006038904,2.2005815333118055,Medium
Uttar Pradesh,Varanasi,77,Ranipur,1.6436738027371534,43.691686879426186,40.384937750000006,46.617697220000025,0.5434310801051936,44.87538122080211,3.098220191278231,0.763886274215544,3.1251399109980365,0.5941811407258929,0.22959065831576664,21.69047044940188,0.0011284257984957322,89.67821629159909,63.48383246857011,55.73820179503709,52.32109215093075,31215.43365547329,18991.25824326658,167.99694496691004,31215.43365547329,100,High,0.17087047481615728,0.03395563333333333,0.40717859999999995,72.05057839485292,0.3942041255823334,14.30431750612809,748.9878386064336,92.86455501326607,Medium,182.1707817807208,0.0011625285549020687,30.735607729859233,4611.0,6225.0,87.15,CRITICAL,31304.662487733134,Medium,144.79572150420842,34.429084500466885,21.714976942628926,28.072030721547904,31.890708253190326,Medium,61.61169331231921,66.71381136626057,93.13670683806211,42.00079202741792,High,3.1132784227917325,1.3141268178569734,10.348699954856137,2.218864651373183,High
Uttar Pradesh,Varanasi,13,Saraysurjan,1.7269783153835379,43.80436586692924,42.34517222000005,44.98559267000002,0.6561100676082461,44.38388962739063,3.2108991787812187,0.4441381501437674,3.223493127905963,0.5124077500095641,0.21053027878033784,21.78474819887186,0.0,91.48784033287477,63.93746358746309,65.1824858327894,74.33741852820299,35989.83376111796,20839.771663910626,195.53592292412213,35989.83376111796,100,High,0.17331239328008702,0.0842278,0.3038137999999999,75.3759713988701,0.4217422100533627,14.222920223997098,801.3101991013892,96.38202742180711,Medium,188.57471520734697,0.0,33.26129031732261,4990.0,6737.0,94.318,CRITICAL,36013.987763468416,Medium,103.93158246216507,33.71950536690088,21.633203551912597,27.67635445940674,24.96384387983757,Low,76.67196953111694,75.31231719004346,95.46699916547793,63.792611509183956,High,3.1669144645355978,1.314614002770631,10.491019567270921,2.3029952909374742,High
Uttar Pradesh,Varanasi,33,Pandeypur,1.854004997172994,43.12736746034831,38.62978448000001,45.84864272000004,-0.020888338972682163,44.28733200199845,2.533900772200333,0.9004978186267184,2.700624748660182,0.638877980513186,0.26634545907162654,21.733556341749146,0.09355790264422256,88.07621897718404,63.190237467971045,51.20103907872171,69.07412742940791,31292.500127366016,16878.32566529278,139.01587624449996,31292.500127366016,100,Medium,0.1732059773496586,0.07502410000000001,0.42442199999999997,52.685991779490806,0.40612754255404765,14.226467421678047,771.6423308526905,86.38190288501517,Low,147.09806061513893,0.03561407085115936,33.49258227624665,5024.0,6783.0,94.962,CRITICAL,31197.621756071207,Low,111.93324788565874,35.42550727387732,21.75967378241622,28.592590528146772,24.448086769482018,Low,64.24832728612049,58.71207698699655,85.62818165325156,58.45854551658644,High,2.874104131874998,1.0680467811620842,10.351165691300734,2.147474231373264,Medium
Uttar Pradesh,Varanasi,16,Dindayalpur,1.8692249589937164,42.946592254971236,39.85172663000003,45.21972704000001,-0.2016635443497563,44.1317962244368,2.353125566823247,0.9582403938381754,2.4850972433645073,0.20403624937904868,0.2911303905765344,21.41236901696463,0.05590615928087485,70.61148237761839,62.28070019074373,32.87247223459823,95.25889453268353,25167.061174669467,13463.90173830012,122.05116166692969,25167.061174669467,100,Low,0.16151380127285248,0.053055225,0.346688,41.21657816714388,0.38628817906445845,14.616206624238249,733.947540222471,74.61280320560802,Low,130.54724529192995,0.024374653709547105,30.043672254582162,4507.0,6085.0,85.19,CRITICAL,25270.44679224352,Low,36.140597790295104,33.34340160256413,21.324832051282083,27.334116826923108,18.27073463052864,Low,63.07340729328905,45.30023357971617,74.64538964498942,84.26915632965766,High,2.6789442469688267,0.6892688519844917,10.133331055947897,2.7526445954337304,Low
Uttar Pradesh,Varanasi,6,Sarsauli,2.046730712772174,43.1786961432665,41.533392470000024,45.91529411000005,0.03044034394550721,44.30954864755665,2.5852294551184922,0.6235204672265883,2.5482103364248894,0.05702312813814958,0.2543813125534702,21.114300088146887,0.0,87.25053763052385,66.53607456100382,45.383235502728496,87.39086807161713,24067.61759006276,11759.054300536009,149.15490160820497,24067.61759006276,100,Medium,0.1778224239724732,0.0731055,0.32804999999999995,52.74580297032758,0.4391697014903378,14.072585867584227,834.4224328316417,87.81125083059605,Low,149.77589432495682,0.0,36.85947196542673,5529.0,7465.0,104.51,CRITICAL,23929.423390526856,Low,41.04938141651362,35.136867262954596,21.17781893004119,28.157343096497893,19.319413238558273,Low,70.84374188838443,55.84093034151977,89.67590107723815,77.8364774705021,High,2.441377263775897,0.704582835591735,10.088664096226363,2.0470995637269507,Low
Uttar Pradesh,Varanasi,1,Indrapur,2.1490706564596223,41.952835655731846,37.724009179999996,44.56688522000002,-1.1954201435891463,43.31272095257604,1.3593689675839098,1.2698007751857914,1.795278602638791,-1.079287080972764,0.33205685707725835,20.108019218107028,0.5215425917271342,64.21636567947752,54.90541974322459,34.65894737723629,86.46143902998656,18035.772843110317,8392.359175766906,36.31022582770159,18035.772843110317,100,Low,0.17195153685770226,0.0482622,0.3453752,36.25142789740208,0.29474619530687673,14.268282104743257,560.0177710830658,53.5541520649794,Low,46.016565492716126,0.11719195146521336,30.706903541479548,4607.0,6220.0,87.08,CRITICAL,18060.767974644074,Low,44.672067114281184,34.454349944629044,20.041508720930267,27.247929332779655,20.047447191633374,Low,48.12582587432242,34.41547016582554,57.11791171245656,80.16197774685396,Low,1.2200428673173853,0.1,9.800167888651233,1.853069700953098,Low
Uttar Pradesh,Varanasi,26,Ramarepur,2.3938205441891185,43.40025703141905,40.97454620000002,46.730491880000045,0.2520012320980598,45.01878533168848,2.8067903432710217,1.0325137064852854,2.6306559612113714,0.32300089456991815,0.25659586256881484,21.396210473826546,8.457521634713031E-4,85.22657484494043,64.03409732675098,45.0835106884791,84.11281741440177,29199.28240815705,12197.774172770332,156.83640236452214,29199.28240815705,100,High,0.17976674467240603,0.07540250000000001,0.38167045,45.724978943131504,0.43548293020720746,14.007775177586463,827.4175673936942,75.65278932313747,Low,165.55433202467026,8.85183568887693E-4,41.67799538129003,6252.0,8441.0,118.174,CRITICAL,29044.528614433126,Low,43.020696368951306,35.27496288411046,21.443796696472948,28.359379790291705,18.164464224037022,Low,64.58601697601834,50.95594512013792,82.56842210757775,77.41010036545501,High,2.6845495053174653,0.9905362302765,10.281933659721831,1.8996303029622148,Low
Uttar Pradesh,Varanasi,27,,3.425612948812857,42.497192015826705,39.27749927000002,45.529057850000015,-0.651063783494287,43.93875669149803,1.9037253276787158,1.029268534868393,2.024329549262787,0.29168070932325124,0.2955595226979211,21.30720280929615,0.0,75.77720402094754,70.09996110857664,35.116745293201745,85.2456116791576,42466.15365462958,12396.65843432376,44.143528362523035,42466.15365462958,100,Low,0.17024193973917318,0.0626018,0.4234596,0.0,0.6956720008845084,14.325268675360892,1321.776801680566,78.25316149841399,Low,47.41900012905575,0.0,56.20244958073104,8431.0,11382.0,159.348,CRITICAL,42720.35337090587,Low,51.4851862586185,34.61694784110538,21.41247651122628,28.01471217616583,19.922156898644275,Low,62.64907072039836,47.321051672387874,77.14562873790963,74.98894902116201,High,2.411170232234166,0.5780598038362387,10.656486200920787,2.275604698608364,Low
Uttar Pradesh,Varanasi,3,Tarana,4.610637311575323,43.04819211250384,38.22987613999999,45.72901202000003,-0.10006368681715117,44.289573155358035,2.454725424355823,0.8863001445863607,2.479720803658489,-1.0351521281225124,0.2848879966643633,19.953834852610292,0.0,70.43960412629595,67.2413241726219,25.610314614218307,79.09460024114642,36811.937346701525,7984.132096940832,115.69088780068488,36811.937346701525,100,Low,0.17279780307423778,0.028771800000000004,0.4686808,NaN,0.7275481048189777,14.24007323085874,1382.3413991560576,62.026338580434896,Low,141.5102442843119,0.0,67.19278197887483,10079.0,13607.0,190.498,CRITICAL,36980.58372255961,Low,35.03890608268884,34.41210267857146,20.085643673780513,27.248873176175984,18.872526773927035,Low,50.776874775488054,33.95681368602499,68.67484140139277,75.43188046599228,Medium,1.8473687447308371,0.31941590830889394,10.51360462070915,1.8773817509259305,Low
Uttar Pradesh,Varanasi,30,Sarnath,4.8656598766277925,41.864521106998545,34.66659028999999,44.681388889999994,-1.2837346923224473,43.27760233302142,1.2710544188504302,1.396902263136273,1.568703946888502,-0.9430904598677139,0.3370141832402408,19.976511117247007,1.179677375082035,55.61451433596762,63.91819318125248,25.97521875259444,95.55266073148158,32152.708948225147,6608.088062766317,34.18208470650013,32152.708948225147,100,Low,0.17110918420751045,0.054894525,0.33182239999999996,47.304131364777454,0.5758887972858152,14.296360526416318,1094.188714843049,45.913977273435016,Low,46.86563069841502,0.12261470547738136,62.90893207353718,9437.0,12740.0,178.36,CRITICAL,31475.730800508984,Low,33.79437346206663,34.18921887841434,20.17770534203532,27.18346211022483,15.749581451054295,Low,43.40253166064414,26.370907682003082,51.16401889694536,89.01869152774958,Low,1.2302760238715327,0.1,10.37828308687579,1.794246750755554,Low
Uttar Pradesh,Varanasi,32,Nariya,5.2254004973780965,41.54802200416773,37.34119093999999,45.31372259,-1.6002337951532652,43.570708182738166,0.9545553160198449,1.528346745746195,1.5717288808154812,-0.4666399054468689,0.3718834966430142,20.749458840629607,3.07464105360507,50.29117001447564,52.81001537896913,29.48493357647565,59.093773677722616,65040.57386371389,12447.002654887168,27.668335562810952,65040.57386371389,100,Low,0.1597054019764066,0.06017688333333334,0.5160564,63.01575016082297,0.6160521719821925,14.676486600786447,1170.4991267661658,42.01718627858988,Low,47.06590289726748,1.135434033005602,61.447619084859184,9218.0,12445.0,174.23,CRITICAL,63167.73767330694,Low,56.73330850591738,32.52834111999489,20.654155896456164,26.591248508225526,24.498119415540653,Low,34.575605591138256,32.39258921634311,39.426190478424935,58.73793395818861,Low,1.3204899465249538,0.1,11.0827819423255,2.0775740343567515,Low
